#ASSEMBLY_ID	GS000015613-ASM-T1
#FORMAT_VERSION	2.1
#GENERATED_AT	2012-Nov-02 08:00:36.154551
#GENERATED_BY	CallCNVs
#GENOME_REFERENCE	NCBI build 37
#MAX_PLOIDY	10
#SAMPLE	GS01858-DNA_G10
#SOFTWARE_VERSION	2.1.2.20
#TYPE	DIPLOID-SOMATIC-CNV-SEGMENTS
#WINDOW_SHIFT	2000
#WINDOW_WIDTH	2000
#GENE_ANNOTATIONS	NCBI build 37.3
#DGV_VERSION	9

>chr	begin	end	avgNormalizedCvg	relativeCvg	calledPloidy	calledCNVType	ploidyScore	CNVTypeScore	overlappingGene	knownCNV	repeats	bestLAF	lowLAF	highLAF
chr1	10000	177417	49.8	0.95	2	=	54	54				0.34	0.26	0.45
chr1	227417	267719	49.8	0.95	2	=	54	54				0.01	0.01	0.5
chr1	317719	471368	49.8	0.95	2	=	54	54				0.01	0.01	0.5
chr1	521368	564000	49.8	0.95	2	=	54	54				0.24	0.09	0.5
chr1	564000	572000	147.4	2.82	6	+	5	41	LOC100652939	dgv.1:Variation_2294;dgv.1:Variation_3274;dgv.1:Variation_4190;dgv.4:Variation_31594;dgv.6:Variation_37560;dgv.6:Variation_37599;dgv.9:Variation_64593;dgv.9:Variation_69572;dgv.9:Variation_69577;dgv.9:Variation_74278;dgv.9:Variation_74279;dgv.9:Variation_83992	DNA:3;LINE:2;LTR:9;SINE:6;SegDup:100;SelfChain:100;tRNA:2	0.1	0.04	0.26
chr1	572000	2634220	48.1	0.92	2	=	50	50				0.38	0.37	0.38
chr1	2684220	3845268	48.1	0.92	2	=	50	50				0.31	0.31	0.32
chr1	3995268	13052998	48.1	0.92	2	=	50	50				0.2	0.2	0.2
chr1	13102998	13219912	48.1	0.92	2	=	50	50				0.32	0.29	0.35
chr1	13319912	13557162	48.1	0.92	2	=	50	50				0.23	0.14	0.37
chr1	13607162	14362000	48.1	0.92	2	=	50	50				0.38	0.37	0.4
chr1	14362000	14520000	69.8	1.34	3	+	39	39			DNA:4;LINE:20;LTR:16;Low_complexity:1;RC:1;SINE:13;SelfChain:1;Simple_repeat:1;Unknown:1;snRNA:1	0.5	0.47	0.5
chr1	14520000	17125658	55.7	1.07	2	=	51	51				0.35	0.35	0.35
chr1	17175658	20452000	55.7	1.07	2	=	51	51				0.38	0.37	0.38
chr1	20452000	26714000	70.3	1.35	3	+	47	47	AIM1L;ALPL;ASAP3;C1QA;C1QB;C1QC;C1orf130;C1orf135;C1orf201;C1orf213;C1orf63;CAMK2N1;CATSPER4;CD52;CDA;CDC42;CELA3A;CELA3B;CEP85;CLIC4;CNKSR1;CNR2;DDOST;E2F2;ECE1;EIF4G3;EPHA8;EPHB2;EXTL1;FAM43B;FAM54B;FUCA1;GALE;GRHL3;GRRP1;HMGCL;HNRNPR;HP1BP3;HSPG2;HTR1D;ID3;IL22RA1;IL28RA;KDM1A;KIF17;LDLRAD2;LDLRAP1;LINC00339;LOC100506801;LOC100506824;LOC100506963;LOC100506985;LOC100507013;LOC100509213;LOC100652932;LOC100652941;LOC284632;LOC339505;LOC646471;LOC729059;LUZP1;LYPLA2;MAN1C1;MDS2;MIR1256;MIR3115;MIR378F;MIR3917;MIR4253;MIR4418;MIR4419A;MIR4425;MIR4684;MUL1;MYOM3;NBPF3;NIPAL3;PAFAH2;PAQR7;PDIK1L;PINK1;PITHD1;PLA2G2C;PLA2G2F;PNRC2;RAP1GAP;RCAN3;RHCE;RHD;RPL11;RUNX3;SEPN1;SH2D5;SH3BGRL3;SLC30A2;SRRM1;SRSF10;STMN1;SYF2;TCEA3;TCEB3;TMEM50A;TMEM57;TRIM63;UBXN10;UBXN11;USP48;VWA5B1;WNT4;ZBTB40;ZNF436;ZNF593;ZNF683		DNA:4;DNA?:1;LINE:13;LTR:6;Low_complexity:1;Other:1;RC:1;RNA:1;SINE:30;SINE?:1;SegDup:7;SelfChain:42;Simple_repeat:1;Unknown:1;rRNA:1;scRNA:1;snRNA:1;srpRNA:1;tRNA:1	0.5	0.5	0.5
chr1	26714000	28892000	55.5	1.06	2	=	51	51				0.39	0.38	0.4
chr1	28892000	29878082	70.3	1.35	3	+	46	47	EPB41;GMEB1;MECR;OPRD1;PTPRU;RAB42;RNU11;SNHG12;SNORA16A;SNORA44;SNORA61;SNORD99;SRSF4;TAF12;TMEM200B;TRNAU1AP;YTHDF2		DNA:3;LINE:14;LTR:6;Low_complexity:1;RC:1;SINE:35;SegDup:2;SelfChain:31;Simple_repeat:1;Unknown:1;scRNA:1;srpRNA:1	0.5	0.49	0.5
chr1	30028082	32368000	70.3	1.35	3	+	46	47	BAI2;COL16A1;FABP3;HCRTR1;LAPTM5;LOC100129196;LOC149086;LOC284551;MATN1;MIR4254;MIR4420;NKAIN1;PEF1;PUM1;SDC3;SERINC2;SNORD103A;SNORD103B;SNORD85;SNRNP40;SPOCD1;TINAGL1;ZCCHC17		DNA:3;DNA?:1;LINE:18;LTR:12;Low_complexity:1;Other:1;RC:1;RNA:1;SINE:21;SegDup:1;SelfChain:30;Simple_repeat:2;Unknown:1;rRNA:1;snRNA:1;srpRNA:1	0.5	0.49	0.5
chr1	32368000	32430000	55.4	1.06	2	=	36	36				0.31	0.17	0.5
chr1	32430000	33500000	70.5	1.35	3	+	46	47	AK2;BSDC1;CCDC28B;DCDC2B;EIF3I;FAM167B;FNDC5;HDAC1;HPCA;IQCC;KHDRBS1;KIAA1522;KPNA6;LCK;LOC100128071;LOC100505584;LOC100652828;LOC100652837;MARCKSL1;MTMR9LP;RBBP4;RNF19B;S100PBP;SYNC;TMEM234;TMEM39B;TMEM54;TSSK3;TXLNA;YARS;ZBTB8A;ZBTB8B;ZBTB8OS		DNA:4;LINE:11;LTR:7;Low_complexity:1;Other:1;SINE:39;SegDup:1;SelfChain:8;Simple_repeat:1;Unknown:1;rRNA:1;scRNA:1;snRNA:1;srpRNA:1;tRNA:1	0.48	0.45	0.5
chr1	33500000	35638000	55.5	1.06	2	=	51	51				0.38	0.38	0.38
chr1	35638000	36634000	71.4	1.37	3	+	47	48	ADPRHL2;C1orf216;CLSPN;COL8A2;EIF2C1;EIF2C3;EIF2C4;KIAA0319L;LOC100506168;MAP7D1;NCDN;PSMB2;SFPQ;TEKT2;TFAP2E;TRAPPC3;ZMYM4		DNA:4;LINE:17;LTR:4;Low_complexity:1;SINE:30;SegDup:1;SelfChain:1;Simple_repeat:1;Unknown:1;scRNA:1;snRNA:1;srpRNA:1;tRNA:1	0.5	0.48	0.5
chr1	36634000	37186000	55.1	1.06	2	=	50	50				0.36	0.34	0.38
chr1	37186000	37340000	69.8	1.34	3	+	38	38	GRIK3		DNA:4;LINE:13;LTR:8;Low_complexity:1;SINE:14;Simple_repeat:2;Unknown:1;rRNA:1	0.38	0.31	0.45
chr1	37340000	39964000	55.7	1.07	2	=	51	51				0.38	0.38	0.38
chr1	39964000	40944000	70.4	1.35	3	+	46	46	BMP8A;BMP8B;CAP1;COL9A2;HEYL;HPCAL4;LOC100286988;LOC100287437;LOC100506950;MFSD2A;MYCL1;NT5C1A;OXCT2;PABPC4;PPIE;PPIEL;PPT1;RLF;SMAP2;SNORA55;TMCO2;TRIT1;ZMPSTE24;ZNF642;ZNF643		DNA:4;LINE:16;LTR:7;Low_complexity:1;Other:1;RNA:1;SINE:28;SegDup:6;SelfChain:33;Simple_repeat:1;Unknown:1;scRNA:1;snRNA:1;srpRNA:1;tRNA:1	0.5	0.48	0.5
chr1	40944000	48174000	55.7	1.07	2	=	51	51				0.38	0.37	0.38
chr1	48174000	49272000	69.5	1.33	3	+	45	45	AGBL4;BEND5;LOC100507479;LOC388630;SKINTL;SLC5A9;SPATA6		DNA:3;LINE:28;LTR:9;Low_complexity:1;Other:1;SINE:13;Satellite:1;SegDup:1;SelfChain:2;Simple_repeat:2;Unknown:1;snRNA:1	0.5	0.48	0.5
chr1	49272000	62112000	41.3	0.79	2	=	47	47				0.15	0.15	0.15
chr1	62112000	62122000	22.0	0.42	1	-	10	25		dgv.2:Variation_6828;dgv.3:Variation_23116;dgv.8:Variation_58401;dgv.9:Variation_63892	DNA:9;LINE:21;Low_complexity:1;SINE:17;SelfChain:14;Simple_repeat:2	0.18	0.11	0.28
chr1	62122000	72766000	41.5	0.79	2	=	47	47				0.15	0.15	0.15
chr1	72766000	72812000	12.4	0.24	0	-	29	64		dgv.1:Variation_0383;dgv.1:Variation_1543;dgv.1:Variation_3293;dgv.1:Variation_4229;dgv.2:Variation_6832;dgv.3:Variation_22923;dgv.3:Variation_23231;dgv.4:Variation_30388;dgv.4:Variation_31627;dgv.5:Variation_34829;dgv.5:Variation_34830;dgv.5:Variation_34831;dgv.5:Variation_34832;dgv.5:Variation_34833;dgv.6:Variation_37834;dgv.7:Variation_43688;dgv.8:Variation_58405;dgv.9:Variation_60842;dgv.9:Variation_64030;dgv.9:Variation_74531;dgv.9:Variation_84304;dgv.9:Variation_97396	DNA:2;LINE:40;LTR:19;Low_complexity:1;SINE:8;SelfChain:1;Simple_repeat:2	0.27	0.15	0.5
chr1	72812000	103863906	42.5	0.81	2	=	47	47				0.19	0.19	0.19
chr1	103913906	108734000	42.5	0.81	2	=	47	47				0.16	0.15	0.16
chr1	108734000	108738000	17.8	0.34	1	-	3	3	SLC25A24	dgv.1:Variation_3305;dgv.2:Variation_6772;dgv.4:Variation_30395;dgv.4:Variation_31644;dgv.5:Variation_34672;dgv.5:Variation_34673;dgv.6:Variation_37397;dgv.6:Variation_38099;dgv.6:Variation_39004;dgv.7:Variation_43558;dgv.7:Variation_43731;dgv.8:Variation_58320;dgv.9:Variation_60867;dgv.9:Variation_64526;dgv.9:Variation_74620;dgv.9:Variation_74621;dgv.9:Variation_74623;dgv.9:Variation_84443;dgv.9:Variation_84445;dgv.9:Variation_84447;dgv.9:Variation_97466	LINE:13;SINE:6;SelfChain:100	0.29	0.09	0.5
chr1	108738000	111378000	41.8	0.80	2	=	47	47				0.16	0.16	0.16
chr1	111378000	111388000	13.0	0.25	1	-	3	45		dgv.1:Variation_1320;dgv.3:Variation_9367;dgv.3:Variation_9890;dgv.3:Variation_9891;dgv.4:Variation_31645;dgv.5:Variation_34684;dgv.5:Variation_34685;dgv.5:Variation_34686;dgv.6:Variation_37399;dgv.6:Variation_38009;dgv.8:Variation_48084;dgv.8:Variation_48086;dgv.8:Variation_48087;dgv.8:Variation_48088;dgv.8:Variation_48089;dgv.8:Variation_53886;dgv.9:Variation_64594;dgv.9:Variation_74645;dgv.9:Variation_74646;dgv.9:Variation_84472;dgv.9:Variation_84473;dgv.9:Variation_97469	LINE:76;Low_complexity:1;SINE:2;SelfChain:100	0.01	0.01	0.5
chr1	111388000	120697156	42.2	0.81	2	=	48	48				0.16	0.16	0.16
chr1	120747156	120936695	42.2	0.81	2	=	48	48				0.26	0.23	0.3
chr1	121086695	121485434	42.2	0.81	2	=	48	48				0.2	0.18	0.21
chr1	142535434	142731022	42.2	0.81	2	=	48	48				0.35	0.32	0.37
chr1	142781022	142967761	42.2	0.81	2	=	48	48				0.24	0.19	0.32
chr1	143117761	143292816	42.2	0.81	2	=	48	48				0.24	0.16	0.36
chr1	143342816	143544525	42.2	0.81	2	=	48	48				0.35	0.3	0.39
chr1	143644525	143646000	42.2	0.81	2	=	48	48				0.01	0.01	0.5
chr1	143646000	143771002	66.7	1.28	3	+	22	22	LOC100130000;LOC100132999;LOC100286793;PPIAL4G	dgv.9:Variation_69815	DNA:3;LINE:9;LTR:23;Low_complexity:1;SINE:19;SegDup:100;SelfChain:100;Simple_repeat:1;snRNA:1;tRNA:1	0.01	0.01	0.5
chr1	143871002	143874000	66.7	1.28	3	+	22	22			LINE:41;Low_complexity:2;SINE:20;SegDup:100;SelfChain:100	0.01	0.01	0.5
chr1	143874000	144095783	56.3	1.08	2	=	47	47				0.31	0.3	0.33
chr1	144145783	144224481	56.3	1.08	2	=	47	47				0.01	0.01	0.5
chr1	144274481	144401744	56.3	1.08	2	=	47	47				0.01	0.01	0.5
chr1	144451744	144622413	56.3	1.08	2	=	47	47				0.26	0.25	0.28
chr1	144672413	144710724	56.3	1.08	2	=	47	47				0.32	0.21	0.49
chr1	144810724	145400000	56.3	1.08	2	=	47	47				0.3	0.3	0.31
chr1	145400000	145468000	69.8	1.34	3	+	27	27	HFE2;LOC100652757;POLR3GL;TXNIP	dgv.1:Variation_2324;dgv.1:Variation_3310;dgv.1:Variation_4252;dgv.1:Variation_5199;dgv.8:Variation_53561	DNA:2;LINE:12;LTR:2;Low_complexity:1;Other:1;SINE:38;SelfChain:100;Simple_repeat:1	0.5	0.25	0.5
chr1	145468000	145696000	55.8	1.07	2	=	47	47				0.36	0.28	0.46
chr1	145696000	145833118	69.6	1.33	3	+	39	40	CD160;GPR89A;PDZK1	dgv.1:Variation_2325;dgv.2:Variation_6783;dgv.3:Variation_8923	DNA:3;LINE:28;LTR:2;Low_complexity:1;SINE:21;SegDup:63;SelfChain:100;Simple_repeat:1	0.33	0.24	0.43
chr1	145883118	145954000	69.6	1.33	3	+	39	40	GPR89C;PDZK1P1	dgv.1:Variation_2325;dgv.1:Variation_3312;dgv.3:Variation_8923	DNA:3;LINE:36;LTR:1;Low_complexity:1;SINE:18;SegDup:100;SelfChain:100;Simple_repeat:1;snRNA:1;tRNA:1	0.01	0.01	0.5
chr1	145954000	146048000	62.8	1.20	2	=	8	8				0.5	0.26	0.5
chr1	146048000	146164650	67.7	1.30	3	+	28	28	LOC100506011;NBPF11	dgv.1:Variation_3312	DNA:1;LINE:19;LTR:12;Low_complexity:1;SINE:12;SINE?:1;SegDup:100;SelfChain:100;Simple_repeat:1;rRNA:1;snRNA:1;tRNA:1	0.33	0.17	0.5
chr1	146214650	146228000	67.7	1.30	3	+	28	28	LOC100506032	dgv.1:Variation_3312	Low_complexity:3;SegDup:100;SelfChain:100;Simple_repeat:3	0.01	0.01	0.5
chr1	146228000	146253299	60.2	1.15	2	=	19	19				0.01	0.01	0.5
chr1	146303299	146342000	60.2	1.15	2	=	19	19				0.41	0.3	0.5
chr1	146342000	147496000	68.4	1.31	3	+	41	42	ACP6;BCL9;CHD1L;FMO5;GJA5;GJA8;GPR89B;KIAA1245;LOC100289211;LOC100505794;LOC728989;PDIA3P;PRKAB2		DNA:3;LINE:29;LTR:7;Low_complexity:1;Other:1;RC:1;SINE:12;SegDup:27;SelfChain:100;Simple_repeat:1;scRNA:1;snRNA:1;srpRNA:1;tRNA:1	0.5	0.48	0.5
chr1	147496000	147588000	62.9	1.20	2	=	8	8				0.37	0.29	0.5
chr1	147588000	148010000	67.7	1.30	3	+	36	36	FLJ39739;LOC100132057;LOC100505824;LOC284561;NBPF14;NBPF24;PPIAL4A	dgv.5:Variation_34420	DNA:3;LINE:15;LTR:17;Low_complexity:1;SINE:14;SINE?:1;Satellite:1;SegDup:98;SelfChain:100;Simple_repeat:1;rRNA:1;scRNA:1;snRNA:1;tRNA:1	0.43	0.41	0.45
chr1	148010000	148026038	59.0	1.13	2	=	36	36				0.01	0.01	0.5
chr1	148176038	148361358	59.0	1.13	2	=	36	36				0.01	0.01	0.5
chr1	148511358	148684147	59.0	1.13	2	=	36	36				0.29	0.26	0.32
chr1	148734147	148954460	59.0	1.13	2	=	36	36				0.29	0.26	0.33
chr1	149004460	149206000	59.0	1.13	2	=	36	36				0.39	0.35	0.44
chr1	149206000	149234000	68.8	1.32	3	+	5	5	RNU1-5	dgv.1:Variation_2326;dgv.1:Variation_3313;dgv.1:Variation_4254;dgv.2:Variation_6785;dgv.3:Variation_8328;dgv.3:Variation_8329;dgv.3:Variation_8330;dgv.3:Variation_8331;dgv.3:Variation_8924;dgv.4:Variation_30433;dgv.5:Variation_34420;dgv.6:Variation_38813;dgv.8:Variation_48120;dgv.8:Variation_48127;dgv.8:Variation_48128;dgv.8:Variation_48129;dgv.8:Variation_48130;dgv.9:Variation_64895;dgv.9:Variation_64896	DNA:2;LINE:7;LTR:19;Low_complexity:1;SINE:25;SegDup:100;SelfChain:100;Simple_repeat:2;snRNA:2;tRNA:1	0.32	0.29	0.35
chr1	149234000	149459645	56.1	1.07	2	=	45	45				0.29	0.27	0.31
chr1	149509645	149960000	56.1	1.07	2	=	45	45				0.3	0.27	0.33
chr1	149960000	150044000	70.7	1.36	3	+	35	35	OTUD7B;VPS45		DNA:2;LINE:16;LTR:3;Low_complexity:1;SINE:26;SelfChain:2;Simple_repeat:1;tRNA:1	0.06	0.01	0.24
chr1	150044000	150484000	56.5	1.08	2	=	48	48				0.16	0.07	0.34
chr1	150484000	150674000	69.0	1.32	3	+	34	34	ADAMTSL4;ECM1;ENSA;GOLPH3L;HORMAD1;MCL1;MIR4257		DNA:2;LINE:11;LTR:7;Low_complexity:1;SINE:37;SegDup:2;SelfChain:7;Simple_repeat:1;snRNA:1;srpRNA:1	0.37	0.27	0.5
chr1	150674000	152410000	55.5	1.06	2	=	51	51				0.38	0.37	0.39
chr1	152410000	152554000	68.0	1.30	3	+	30	30	CRCT1;LCE3D;LCE3E;LCE5A		DNA:2;LINE:32;LTR:11;Low_complexity:1;Other:1;SINE:7;SegDup:2;SelfChain:100;Simple_repeat:1;Unknown:1	0.45	0.4	0.5
chr1	152554000	152564000	46.1	0.88	2	=	5	5				0.5	0.25	0.5
chr1	152564000	152586000	N	N	N	N	0	0				0.01	0.01	0.5
chr1	152586000	152716000	67.5	1.29	3	+	32	32	C1orf68;LCE2A;LCE2B;LCE2C;LCE2D;LCE3A;LCE3B;LCE4A	dgv.1:Variation_3314;dgv.2:Variation_6786	DNA:4;LINE:26;LTR:6;Low_complexity:1;SINE:7;SelfChain:100;Simple_repeat:1	0.5	0.47	0.5
chr1	152716000	153874000	54.6	1.05	2	=	52	52				0.37	0.36	0.38
chr1	153874000	154476000	69.7	1.34	3	+	44	44	AQP10;ATP8B2;C1orf189;C1orf43;CREB3L4;CRTC2;DENND4B;GATAD2B;HAX1;IL6R;JTB;MIR190B;NUP210L;RAB13;RPS27;SHE;SLC39A1;TDRD10;TPM3;UBAP2L		DNA:2;LINE:10;LTR:5;Low_complexity:1;Other:1;SINE:37;SegDup:2;SelfChain:40;Simple_repeat:1;rRNA:1;snRNA:1;srpRNA:1	0.5	0.47	0.5
chr1	154476000	154720000	55.9	1.07	2	=	47	47				0.38	0.36	0.4
chr1	154720000	154816000	70.2	1.35	3	+	35	35	KCNN3		DNA:4;LINE:13;LTR:4;Low_complexity:1;SINE:16;SelfChain:100;Simple_repeat:1	0.5	0.45	0.5
chr1	154816000	155476000	55.1	1.06	2	=	50	50				0.4	0.38	0.42
chr1	155476000	157434000	69.6	1.33	3	+	45	45	APOA1BP;ARHGEF11;ARHGEF2;ASH1L;BCAN;BGLAP;C1orf182;C1orf61;C1orf85;CCT3;CRABP2;CYCSP52;DAP3;ETV3;ETV3L;GON4L;GPATCH4;HAPLN2;HDGF;INSRR;IQGAP3;ISG20L2;KIAA0907;LAMTOR2;LMNA;LOC100505765;LOC645676;LRRC71;MEF2D;MEX3A;MIR765;MIR9-1;MRPL24;MSTO1;MSTO2P;NES;NTRK1;PAQR6;PEAR1;PMF1;PMF1-BGLAP;PRCC;RAB25;RHBG;RIT1;RRNAD1;RXFP4;SCARNA4;SEMA4A;SH2D2A;SLC25A44;SMG5;SNORA42;SSR2;SYT11;TMEM79;TTC24;UBQLN4;VHLL;YY1AP1		DNA:3;DNA?:1;LINE:13;LTR:9;Low_complexity:1;Other:1;SINE:26;SegDup:4;SelfChain:33;Simple_repeat:1;Unknown:1;rRNA:1;scRNA:1;snRNA:1;srpRNA:1	0.5	0.48	0.5
chr1	157434000	159690000	54.6	1.05	2	=	52	52				0.39	0.38	0.39
chr1	159690000	160178000	68.4	1.31	3	+	41	41	ATP1A2;ATP1A4;C1orf204;CASQ1;CCDC19;DUSP23;FCRL6;IGSF8;IGSF9;KCNJ10;KCNJ9;LOC100505633;PEA15;PIGM;SLAMF8;SLAMF9;TAGLN2;VSIG8		DNA:4;LINE:15;LTR:6;Low_complexity:1;SINE:13;SegDup:2;SelfChain:100;Simple_repeat:2;Unknown:1;rRNA:1;snRNA:1	0.5	0.48	0.5
chr1	160178000	160236000	57.1	1.09	2	=	32	32				0.5	0.21	0.5
chr1	160236000	160382000	69.3	1.33	3	+	36	37	COPA;NCSTN;NHLH1;PEX19;SUMO1P3;VANGL2		DNA:2;LINE:21;LTR:4;Low_complexity:1;SINE:18;SegDup:2;SelfChain:100;Simple_repeat:1;scRNA:1;snRNA:1;tRNA:1	0.5	0.38	0.5
chr1	160382000	160704000	55.0	1.05	2	=	50	50				0.39	0.37	0.41
chr1	160704000	163626000	69.8	1.34	3	+	45	46	ADAMTS4;APOA2;ARHGAP30;ATF6;B4GALT3;C1orf110;C1orf111;C1orf192;C1orf226;CD244;DDR2;DEDD;DUSP12;F11R;FCER1G;FCGR2A;FCGR2B;FCGR2C;FCGR3A;FCGR3B;FCRLA;FCRLB;HSD17B7;HSPA6;HSPA7;ITLN1;ITLN2;KLHDC9;LOC100287509;LOC100505703;LOC100505773;LY9;MIR4654;MIR556;MPZ;NDUFS2;NIT1;NOS1AP;NR1I3;NUF2;OLFML2B;PCP4L1;PFDN2;PPOX;PVRL4;RGS4;RGS5;RPL31P11;SDHC;SH2D1B;SLAMF7;TOMM40L;TSTD1;UAP1;UFC1;UHMK1;USF1;USP21		DNA:3;DNA?:1;LINE:20;LTR:10;LTR?:1;Low_complexity:1;Other:1;RNA:1;SINE:16;SegDup:9;SelfChain:36;Simple_repeat:1;Unknown:1;rRNA:1;scRNA:1;snRNA:1;srpRNA:1;tRNA:1	0.5	0.49	0.5
chr1	163626000	164292000	55.8	1.07	2	=	50	50				0.39	0.38	0.41
chr1	164292000	164538000	69.7	1.34	3	+	41	41	PBX1		DNA:4;LINE:26;LTR:13;Low_complexity:1;SINE:16;SegDup:1;SelfChain:5;Simple_repeat:1;snRNA:1	0.5	0.47	0.5
chr1	164538000	164596000	55.9	1.07	2	=	36	36				0.4	0.29	0.5
chr1	164596000	164936000	69.5	1.33	3	+	42	42	LOC100505795;PBX1		DNA:3;LINE:11;LTR:5;Low_complexity:1;RNA:1;SINE:11;SegDup:1;SelfChain:2;Simple_repeat:1;rRNA:1;scRNA:1;snRNA:1;srpRNA:1	0.5	0.47	0.5
chr1	164936000	165696000	55.0	1.05	2	=	51	51				0.39	0.38	0.4
chr1	165696000	166042000	69.4	1.33	3	+	42	42	FAM78B;LOC100147773;MIR3658;TMCO1;UCK2		DNA:5;LINE:24;LTR:6;Low_complexity:1;SINE:18;SelfChain:1;Simple_repeat:1;Unknown:1;rRNA:1	0.5	0.46	0.5
chr1	166042000	169438000	55.2	1.06	2	=	51	51				0.38	0.38	0.39
chr1	169438000	169748000	69.3	1.33	3	+	42	42	F5;LOC100287813;SELE;SELL;SELP;SLC19A2		DNA:5;LINE:25;LTR:9;Low_complexity:1;RC:1;SINE:12;SelfChain:1;Simple_repeat:1;snRNA:1	0.48	0.45	0.5
chr1	169748000	170964000	54.9	1.05	2	=	51	51				0.37	0.36	0.38
chr1	170964000	171146000	68.7	1.32	3	+	37	37	C1orf129;FMO3;FMO6P;MIR1295		DNA:4;LINE:41;LTR:9;Low_complexity:1;RC:1;SINE:8;SelfChain:4;Simple_repeat:1;Unknown:1	0.5	0.47	0.5
chr1	171146000	173484000	55.2	1.06	2	=	51	51				0.38	0.38	0.39
chr1	173484000	173610000	68.9	1.32	3	+	33	33	ANKRD45;LOC730159;SLC9A11		DNA:7;LINE:34;LTR:9;Low_complexity:1;Other:2;SINE:12;SelfChain:2;Simple_repeat:1;Unknown:1	0.44	0.38	0.5
chr1	173610000	173694000	54.5	1.04	2	=	42	42				0.39	0.34	0.45
chr1	173694000	176572000	69.9	1.34	3	+	45	46	CACYBP;CENPL;DARS2;GAS5;GPR52;KIAA0040;KLHL20;LOC100506046;LOC100652789;MRPS14;PAPPA2;RABGAP1L;RC3H1;RFWD2;SCARNA3;SERPINC1;SNORD44;SNORD47;SNORD74;SNORD75;SNORD76;SNORD77;SNORD78;SNORD79;SNORD80;SNORD81;TNN;TNR;ZBTB37		DNA:4;DNA?:1;LINE:27;LTR:9;Low_complexity:1;Other:1;RC:1;RNA:1;SINE:15;SegDup:1;SelfChain:2;Simple_repeat:1;Unknown:1;rRNA:1;scRNA:1;snRNA:1;srpRNA:1;tRNA:1	0.5	0.49	0.5
chr1	176572000	176682000	55.8	1.07	2	=	43	43				0.35	0.31	0.39
chr1	176682000	176754000	70.9	1.36	3	+	34	34	PAPPA2		DNA:7;LINE:21;LTR:11;Low_complexity:1;SINE:10;Simple_repeat:2	0.5	0.44	0.5
chr1	176754000	176892000	55.7	1.07	2	=	45	45				0.42	0.38	0.48
chr1	176892000	177102000	70.3	1.35	3	+	42	42	ASTN1;MIR488		DNA:3;DNA?:1;LINE:13;LTR:5;Low_complexity:1;RNA:1;SINE:12;Simple_repeat:1;Unknown:1;rRNA:1	0.5	0.47	0.5
chr1	177102000	178934000	55.5	1.06	2	=	51	51				0.39	0.38	0.4
chr1	178934000	179006000	68.3	1.31	3	+	21	21	FAM20B		DNA:6;LINE:30;LTR:6;Low_complexity:1;SINE:20;SelfChain:1;Simple_repeat:1	0.5	0.43	0.5
chr1	179006000	179372000	55.6	1.07	2	=	49	49				0.38	0.37	0.4
chr1	179372000	179472000	69.2	1.33	3	+	32	32	AXDND1		DNA:4;LINE:49;LTR:14;Low_complexity:1;Other:2;SINE:16;SegDup:3;SelfChain:3;Simple_repeat:1	0.5	0.47	0.5
chr1	179472000	180400000	55.7	1.07	2	=	50	50				0.38	0.37	0.39
chr1	180400000	180696000	71.2	1.36	3	+	45	46	ACBD6;MIR3121;XPR1		DNA:6;LINE:25;LTR:11;Low_complexity:1;Other:1;SINE:17;SegDup:1;SelfChain:2;Simple_repeat:1;Unknown:1;scRNA:1;snRNA:1	0.5	0.44	0.5
chr1	180696000	181806000	55.3	1.06	2	=	51	51				0.39	0.38	0.4
chr1	181806000	182280000	69.4	1.33	3	+	43	44	ZNF648		DNA:4;LINE:34;LTR:9;Low_complexity:1;Other:1;RC:1;RNA:1;SINE:13;SelfChain:1;Simple_repeat:1;Unknown:1;rRNA:1	0.5	0.46	0.5
chr1	182280000	183800000	55.3	1.06	2	=	51	51				0.39	0.38	0.39
chr1	183800000	184162000	69.6	1.33	3	+	42	42	GLT25D2;RGL1;TSEN15		DNA:5;LINE:22;LTR:6;Low_complexity:1;SINE:11;SINE?:1;SelfChain:3;Simple_repeat:1;Unknown:1;scRNA:1	0.5	0.46	0.5
chr1	184162000	185012000	55.4	1.06	2	=	51	51				0.39	0.38	0.41
chr1	185012000	185062000	71.4	1.37	3	+	26	26	RNF2		DNA:9;LINE:12;LTR:10;Low_complexity:1;SINE:21;SelfChain:11;Simple_repeat:1	0.34	0.25	0.48
chr1	185062000	189444000	55.1	1.05	2	=	52	52				0.39	0.38	0.39
chr1	189444000	189848000	69.7	1.33	3	+	43	43			DNA:4;LINE:30;LTR:11;Low_complexity:2;SINE:7;SegDup:1;SelfChain:1;Simple_repeat:2;rRNA:1;tRNA:1	0.5	0.48	0.5
chr1	189848000	190346000	55.6	1.06	2	=	50	50				0.38	0.36	0.39
chr1	190346000	190402000	68.9	1.32	3	+	21	21	FAM5C		DNA:2;LINE:17;LTR:4;Low_complexity:2;SINE:11;Simple_repeat:1	0.5	0.39	0.5
chr1	190402000	197670000	53.6	1.03	2	=	51	51				0.36	0.35	0.36
chr1	197670000	198004000	70.0	1.34	3	+	43	43	C1orf53;DENND1B;LHX9		DNA:4;LINE:27;LTR:10;Low_complexity:1;SINE:10;SegDup:1;SelfChain:1;Simple_repeat:1	0.5	0.47	0.5
chr1	198004000	202802000	55.1	1.05	2	=	52	52				0.38	0.38	0.38
chr1	202802000	203114000	69.2	1.33	3	+	41	41	ADIPOR1;ADORA1;CYB5R1;KLHL12;LOC100507405;LOC148709;LOC401980;MYOG;PPFIA4;RABIF;TMEM183A		DNA:4;DNA?:1;LINE:14;LTR:4;Low_complexity:1;SINE:22;SegDup:2;SelfChain:24;Simple_repeat:1;scRNA:1	0.5	0.47	0.5
chr1	203114000	204366000	55.6	1.07	2	=	51	51				0.39	0.38	0.4
chr1	204366000	204870000	69.8	1.34	3	+	44	44	LOC100506855;LRRN2;MDM4;NFASC;PIK3C2B;PPP1R15B		DNA:5;DNA?:1;LINE:14;LTR:7;Low_complexity:1;SINE:19;SegDup:1;SelfChain:4;Simple_repeat:1;Unknown:1;rRNA:1;tRNA:1	0.5	0.47	0.5
chr1	204870000	205922707	54.3	1.04	2	=	52	52				0.37	0.36	0.38
chr1	206072707	206332221	54.3	1.04	2	=	52	52				0.19	0.17	0.21
chr1	206482221	208386000	54.3	1.04	2	=	52	52				0.38	0.38	0.39
chr1	208386000	211322000	69.6	1.33	3	+	45	46	C1orf133;C1orf74;CAMK1G;DIEXF;G0S2;HHAT;HSD11B1;IRF6;KCNH1;LAMB3;LOC100506899;LOC642587;MIR205;MIR4260;PLXNA2;SERTAD4;SYT14;TRAF3IP3		DNA:4;DNA?:1;LINE:23;LTR:9;Low_complexity:1;Other:1;RC:1;SINE:12;SegDup:1;SelfChain:14;Simple_repeat:1;Unknown:1;rRNA:1;snRNA:1	0.5	0.49	0.5
chr1	211322000	211544000	55.7	1.07	2	=	48	48				0.13	0.07	0.24
chr1	211544000	212026000	69.1	1.32	3	+	42	43	LINC00467;LOC100652793;LPGAT1;NEK2;RD3;SLC30A1;TRAF5		DNA:7;DNA?:1;LINE:19;LTR:9;Low_complexity:1;Other:1;SINE:21;SegDup:1;SelfChain:5;Simple_repeat:1;rRNA:1;scRNA:1;snRNA:1;srpRNA:1	0.5	0.46	0.5
chr1	212026000	213288000	55.6	1.06	2	=	51	51				0.39	0.38	0.4
chr1	213288000	214456000	69.4	1.33	3	+	45	45	LOC100505832;PROX1;RPS6KC1;SMYD2		DNA:6;DNA?:1;LINE:22;LTR:7;Low_complexity:1;Other:1;RC:1;SINE:10;SelfChain:1;Simple_repeat:1;Unknown:1;Unknown?:1;snRNA:1	0.5	0.48	0.5
chr1	214456000	215054000	54.7	1.05	2	=	51	51				0.4	0.38	0.41
chr1	215054000	215154000	68.5	1.31	3	+	29	29			DNA:2;LINE:18;LTR:11;Low_complexity:1;SINE:9;Simple_repeat:1	0.5	0.44	0.5
chr1	215154000	218498000	54.8	1.05	2	=	52	52				0.39	0.38	0.39
chr1	218498000	220168000	69.4	1.33	3	+	45	45	EPRS;LOC643723;LYPLAL1;RRP15;SLC30A10;TGFB2		DNA:5;DNA?:1;LINE:24;LTR:10;LTR?:1;Low_complexity:1;Other:1;SINE:10;SegDup:2;SelfChain:36;Simple_repeat:1;Unknown:1;rRNA:1;snRNA:1	0.5	0.49	0.5
chr1	220168000	220836000	55.9	1.07	2	=	50	50				0.38	0.36	0.4
chr1	220836000	221016000	69.2	1.33	3	+	39	39	C1orf115;MARK1;MOSC1;MOSC2		DNA:3;LINE:17;LTR:13;Low_complexity:1;RC:1;SINE:14;SelfChain:1;Simple_repeat:1;Unknown:1	0.38	0.31	0.49
chr1	221016000	221468000	55.8	1.07	2	=	49	49				0.35	0.31	0.39
chr1	221468000	221638000	70.3	1.35	3	+	41	41	C1orf140		DNA:5;LINE:32;LTR:10;Low_complexity:1;SINE:8;SelfChain:11;Simple_repeat:1	0.5	0.47	0.5
chr1	221638000	222128000	55.7	1.07	2	=	49	49				0.38	0.36	0.39
chr1	222128000	222392000	68.6	1.31	3	+	38	39			DNA:5;LINE:25;LTR:16;Low_complexity:1;SINE:9;SelfChain:8;Simple_repeat:1;Unknown:1	0.44	0.4	0.49
chr1	222392000	222766000	54.6	1.05	2	=	50	50				0.4	0.38	0.41
chr1	222766000	222986000	69.8	1.34	3	+	40	41	AIDA;BROX;FAM177B;LOC100506161;MIA3		DNA:5;LINE:21;LTR:6;Low_complexity:1;SINE:15;SegDup:2;SelfChain:100;Simple_repeat:1;rRNA:1	0.5	0.46	0.5
chr1	222986000	223747846	55.3	1.06	2	=	51	51				0.39	0.38	0.39
chr1	223797846	223888000	55.3	1.06	2	=	51	51				0.41	0.38	0.44
chr1	223888000	223988000	69.8	1.34	3	+	36	36	CAPN2;TP53BP2	dgv.7:Variation_47889	DNA:4;LINE:6;LTR:7;Low_complexity:1;SINE:20;SelfChain:100;Simple_repeat:1;tRNA:1	0.5	0.42	0.5
chr1	223988000	224916000	55.1	1.06	2	=	51	51				0.38	0.37	0.39
chr1	224916000	225020000	68.6	1.31	3	+	31	31	CNIH3		DNA:3;LINE:18;LTR:14;Low_complexity:1;SINE:13;SelfChain:16;Simple_repeat:1	0.5	0.41	0.5
chr1	225020000	225720000	55.1	1.05	2	=	51	51				0.39	0.38	0.41
chr1	225720000	225936000	71.3	1.37	3	+	43	44	ENAH		DNA:3;LINE:17;LTR:8;Low_complexity:1;Other:1;SINE:28;SelfChain:1;Simple_repeat:1;Unknown?:1;snRNA:1	0.5	0.46	0.5
chr1	225936000	226268000	54.9	1.05	2	=	50	50				0.37	0.36	0.39
chr1	226268000	226500000	70.3	1.35	3	+	42	43	ACBD3;LIN9;MIXL1		DNA:4;LINE:15;LTR:4;Low_complexity:1;Other:1;SINE:35;SelfChain:1;Simple_repeat:1;snRNA:1	0.5	0.43	0.5
chr1	226500000	226580000	56.4	1.08	2	=	38	38				0.33	0.24	0.49
chr1	226580000	226762000	69.8	1.34	3	+	40	40	C1orf95;PARP1		DNA:4;LINE:20;LTR:16;Low_complexity:1;Other:1;RNA:1;SINE:16;SelfChain:5;Simple_repeat:1;Unknown:1;rRNA:1;srpRNA:1	0.5	0.46	0.5
chr1	226762000	235192211	54.1	1.04	2	=	51	51				0.34	0.34	0.34
chr1	235242211	236110000	54.1	1.04	2	=	51	51				0.37	0.36	0.38
chr1	236110000	236670000	69.6	1.33	3	+	44	44	EDARADD;ERO1LB;GPR137B;NID1		DNA:3;LINE:17;LTR:8;Low_complexity:1;Other:1;SINE:26;SelfChain:57;Simple_repeat:2;scRNA:1;snRNA:1;tRNA:1	0.5	0.49	0.5
chr1	236670000	239876000	55.3	1.06	2	=	51	51				0.38	0.38	0.39
chr1	239876000	240120000	70.1	1.34	3	+	41	41	CHRM3;LOC100506915	dgv.1:Variation_2354;dgv.1:Variation_3337;dgv.3:Variation_8351	DNA:4;LINE:12;LTR:10;Low_complexity:1;SINE:12;SelfChain:10;Simple_repeat:1	0.5	0.46	0.5
chr1	240120000	240660000	55.0	1.05	2	=	51	51				0.38	0.36	0.4
chr1	240660000	243128000	69.2	1.33	3	+	44	44	CHML;EXO1;FH;GREM2;KMO;LOC100506929;MAP1LC3C;MIR3123;OPN3;PLD5;RGS7;WDR64		DNA:4;DNA?:1;LINE:21;LTR:9;Low_complexity:1;Other:1;RC:1;RNA:1;SINE:17;SegDup:11;SelfChain:16;Simple_repeat:1;Unknown:1;rRNA:1;scRNA:1;snRNA:1;srpRNA:1;tRNA:1	0.5	0.49	0.5
chr1	243128000	243318000	60.8	1.16	2	=	30	30				0.48	0.42	0.5
chr1	243318000	244932000	70.3	1.35	3	+	45	46	ADSS;AKT3;C1orf100;C1orf101;CEP170;LOC339529;LOC440742;MIR4677;PPPDE1;SDCCAG8;ZNF238		DNA:5;DNA?:1;LINE:21;LTR:8;Low_complexity:1;RC:1;SINE:16;SegDup:4;SelfChain:6;Simple_repeat:1;Unknown:1;snRNA:1;srpRNA:1	0.5	0.48	0.5
chr1	244932000	244942000	54.5	1.04	2	=	3	3				0.36	0.2	0.5
chr1	244942000	246518000	70.0	1.34	3	+	46	46	EFCAB2;FAM36A;HNRNPU;HNRNPU-AS1;KIF26B;LOC100507030;SMYD3		DNA:4;DNA?:1;LINE:19;LTR:5;Low_complexity:1;Other:1;RNA:1;SINE:19;SegDup:1;SelfChain:2;Simple_repeat:1;Unknown:1;snRNA:1;srpRNA:1	0.5	0.49	0.5
chr1	246518000	246730000	55.7	1.07	2	=	47	47				0.38	0.36	0.41
chr1	246730000	247206000	70.6	1.35	3	+	45	46	AHCTF1;CNST;LOC100130097;LOC149134;SCCPDH;ZNF670;ZNF670-ZNF695;ZNF695		DNA:4;LINE:15;LTR:10;Low_complexity:1;Other:1;SINE:24;SegDup:3;SelfChain:26;Simple_repeat:1;Unknown:1	0.5	0.48	0.5
chr1	247206000	248908210	54.3	1.04	2	=	52	52				0.37	0.36	0.38
chr1	249058210	249240621	54.3	1.04	2	=	52	52				0.36	0.32	0.39
chr2	10000	3529312	47.8	0.92	2	=	49	49				0.39	0.38	0.39
chr2	3579312	5018788	47.8	0.92	2	=	49	49				0.38	0.38	0.39
chr2	5118788	16279724	47.8	0.92	2	=	49	49				0.35	0.35	0.35
chr2	16329724	21153113	47.8	0.92	2	=	49	49				0.38	0.38	0.38
chr2	21178113	31725939	47.8	0.92	2	=	49	49				0.39	0.39	0.39
chr2	31726790	33092197	47.8	0.92	2	=	49	49				0.4	0.39	0.41
chr2	33093197	33141692	47.8	0.92	2	=	49	49				0.36	0.29	0.46
chr2	33142692	87668206	47.8	0.92	2	=	49	49				0.41	0.41	0.41
chr2	87718206	89630436	47.8	0.92	2	=	49	49				0.47	0.45	0.5
chr2	89830436	90321525	47.8	0.92	2	=	49	49				0.35	0.3	0.39
chr2	90371525	90545103	47.8	0.92	2	=	49	49				0.34	0.27	0.42
chr2	91595103	92326171	47.8	0.92	2	=	49	49				0.38	0.37	0.39
chr2	95326171	110109337	47.8	0.92	2	=	49	49				0.5	0.5	0.5
chr2	110251337	146864000	47.8	0.92	2	=	49	49				0.5	0.5	0.5
chr2	146864000	146876000	N	N	N	N	0	0				0.01	0.01	0.5
chr2	146876000	149690582	41.1	0.79	2	=	47	47				0.5	0.48	0.5
chr2	149790582	234003741	41.1	0.79	2	=	47	47				0.5	0.5	0.5
chr2	234053741	239801978	41.1	0.79	2	=	47	47				0.5	0.5	0.5
chr2	239831978	240784132	41.1	0.79	2	=	47	47				0.5	0.49	0.5
chr2	240809132	243102476	41.1	0.79	2	=	47	47				0.5	0.49	0.5
chr2	243152476	243189373	41.1	0.79	2	=	47	47				0.01	0.01	0.5
chr3	60000	66170270	41.0	0.79	2	=	47	47				0.5	0.5	0.5
chr3	66270270	90504854	41.0	0.79	2	=	47	47				0.48	0.48	0.5
chr3	93504854	116324000	41.0	0.79	2	=	47	47				0.5	0.5	0.5
chr3	116324000	116638000	26.4	0.51	1	-	60	60	LSAMP-AS3;MIR4447		DNA:3;LINE:21;LTR:9;Low_complexity:1;SINE:8;SegDup:1;SelfChain:5;Simple_repeat:2;Unknown:1	0.23	0.21	0.24
chr3	116638000	162514000	40.9	0.78	2	=	46	46				0.5	0.5	0.5
chr3	162514000	162550000	N	N	N	N	0	0				0.01	0.01	0.5
chr3	162550000	162562000	55.8	1.07	2	=	10	10				0.01	0.01	0.5
chr3	162562000	162586000	N	N	N	N	0	0				0.01	0.01	0.5
chr3	162586000	162592000	54.6	1.05	2	=	17	17				0.01	0.01	0.5
chr3	162592000	162626000	N	N	N	N	0	0				0.01	0.01	0.5
chr3	162626000	194041961	40.8	0.78	2	=	46	46				0.5	0.5	0.5
chr3	194047251	197962430	40.8	0.78	2	=	46	46				0.46	0.45	0.47
chr4	10000	1423146	41.1	0.79	2	=	47	47				0.42	0.41	0.42
chr4	1478646	8799203	41.1	0.79	2	=	47	47				0.5	0.5	0.5
chr4	8818203	9274642	41.1	0.79	2	=	47	47				0.5	0.44	0.5
chr4	9324642	10212000	41.1	0.79	2	=	47	47				0.5	0.49	0.5
chr4	10212000	10234000	N	N	N	N	0	0				0.01	0.01	0.5
chr4	10234000	31820917	41.0	0.78	2	=	46	46				0.5	0.5	0.5
chr4	31837417	32834638	41.0	0.78	2	=	46	46				0.5	0.49	0.5
chr4	32840638	40296396	41.0	0.78	2	=	46	46				0.5	0.49	0.5
chr4	40297096	49338941	41.0	0.78	2	=	46	46				0.5	0.5	0.5
chr4	49488941	49660117	41.0	0.78	2	=	46	46				0.32	0.21	0.47
chr4	52660117	59739333	41.0	0.78	2	=	46	46				0.5	0.49	0.5
chr4	59789333	75427379	41.0	0.78	2	=	46	46				0.5	0.5	0.5
chr4	75452279	191044276	41.0	0.78	2	=	46	46				0.47	0.47	0.47
chr5	10000	17530657	54.7	1.05	2	=	52	52				0.38	0.38	0.38
chr5	17580657	17622000	54.7	1.05	2	=	52	52				0.41	0.32	0.5
chr5	17622000	17640000	69.4	1.33	3	+	3	3	LOC391766;LOC391767	dgv.1:Variation_2571;dgv.1:Variation_3545;dgv.1:Variation_4432;dgv.3:Variation_9015;dgv.3:Variation_9016;dgv.4:Variation_32705;dgv.5:Variation_36372;dgv.5:Variation_36373;dgv.6:Variation_37893;dgv.7:Variation_44195;dgv.9:Variation_63085;dgv.9:Variation_64140;dgv.9:Variation_92913	DNA:4;LINE:20;LTR:4;Low_complexity:1;SINE:8;SegDup:99;SelfChain:100	0.01	0.01	0.5
chr5	17640000	46405641	55.1	1.06	2	=	52	52				0.38	0.38	0.38
chr5	49405641	91636128	55.1	1.06	2	=	52	52				0.38	0.38	0.38
chr5	91686128	123540000	55.1	1.06	2	=	52	52				0.38	0.38	0.38
chr5	123540000	123686000	69.6	1.33	3	+	37	37			DNA:4;LINE:19;LTR:17;Low_complexity:1;SINE:10;SelfChain:1;Simple_repeat:1;Unknown:1	0.31	0.29	0.32
chr5	123686000	134258000	55.0	1.05	2	=	52	52				0.38	0.38	0.38
chr5	134258000	134264000	108.4	2.08	4	+	7	20	MIR4461;PCBD2	dgv.1:Variation_4479;dgv.8:Variation_59234;dgv.9:Variation_69204;dgv.9:Variation_69205;dgv.9:Variation_81045;dgv.9:Variation_81047;dgv.9:Variation_93240;dgv.9:Variation_99303	LINE:4;SINE:9;SegDup:79;SelfChain:84	0.06	0.05	0.07
chr5	134264000	138787073	55.0	1.05	2	=	52	52				0.38	0.38	0.38
chr5	138837073	155138727	55.0	1.05	2	=	52	52				0.38	0.38	0.39
chr5	155188727	180905260	55.0	1.05	2	=	52	52				0.38	0.38	0.38
chr6	60000	29858000	55.3	1.06	2	=	52	52				0.38	0.38	0.38
chr6	29858000	29894000	68.9	1.32	3	+	11	11	HCG4B;HLA-H	dgv.1:Variation_2622;dgv.1:Variation_3599;dgv.1:Variation_4669;dgv.2:Variation_7558;dgv.3:Variation_9032;dgv.4:Variation_31269;dgv.4:Variation_32776;dgv.5:Variation_36505;dgv.6:Variation_37835;dgv.7:Variation_43689;dgv.8:Variation_51870;dgv.8:Variation_53997;dgv.9:Variation_64460;dgv.9:Variation_64462;dgv.9:Variation_93584;dgv.9:Variation_93587;dgv.9:Variation_93591;dgv.9:Variation_99483	DNA:9;LINE:20;LTR:32;Low_complexity:1;Other:3;SINE:5;SegDup:15;SelfChain:100;Simple_repeat:1	0.05	0.01	0.34
chr6	29894000	58087659	55.0	1.05	2	=	52	52				0.38	0.38	0.38
chr6	58137659	58780166	55.0	1.05	2	=	52	52				0.36	0.34	0.38
chr6	61880166	62128589	55.0	1.05	2	=	52	52				0.39	0.38	0.41
chr6	62178589	95680543	55.0	1.05	2	=	52	52				0.38	0.38	0.38
chr6	95830543	103744000	55.0	1.05	2	=	52	52				0.39	0.38	0.39
chr6	103744000	103762000	N	N	N	N	0	0				0.01	0.01	0.5
chr6	103762000	157559467	55.1	1.06	2	=	52	52				0.38	0.38	0.38
chr6	157609467	157641300	55.1	1.06	2	=	52	52				0.41	0.33	0.5
chr6	157691300	167942073	55.1	1.06	2	=	52	52				0.38	0.38	0.38
chr6	168042073	170279972	55.1	1.06	2	=	52	52				0.38	0.38	0.38
chr6	170329972	171055067	55.1	1.06	2	=	52	52				0.4	0.38	0.41
chr7	10000	232484	56.0	1.07	2	=	51	51				0.4	0.38	0.42
chr7	282484	50370631	56.0	1.07	2	=	51	51				0.39	0.39	0.39
chr7	50410631	58054331	56.0	1.07	2	=	51	51				0.38	0.38	0.38
chr7	61054331	61310513	56.0	1.07	2	=	51	51				0.33	0.27	0.39
chr7	61360513	61460465	56.0	1.07	2	=	51	51				0.12	0.06	0.22
chr7	61510465	61677020	56.0	1.07	2	=	51	51				0.37	0.35	0.39
chr7	61727020	61917157	56.0	1.07	2	=	51	51				0.41	0.4	0.43
chr7	61967157	62052000	56.0	1.07	2	=	51	51				0.29	0.25	0.33
chr7	62052000	62992000	67.9	1.30	3	+	41	41	LOC100287704;LOC100287834;LOC100506447;LOC643955	dgv.1:Variation_2697;dgv.1:Variation_3681;dgv.3:Variation_8562;dgv.3:Variation_8563;dgv.4:Variation_29781;dgv.5:Variation_34445	DNA:2;LINE:19;LTR:5;Low_complexity:1;Other:1;SINE:12;Satellite:37;SegDup:46;SelfChain:100;Simple_repeat:1;snRNA:1	0.29	0.28	0.3
chr7	62992000	63210000	62.6	1.20	2	=	22	22				0.36	0.33	0.4
chr7	63210000	74715724	70.0	1.34	3	+	46	46	ABHD11;ABHD11-AS1;ASL;AUTS2;BAZ1B;BCL7B;C7orf42;CALN1;CCT6P1;CCT6P3;CLDN3;CLDN4;CLIP2;CRCP;DKFZP434F142;DNAJC30;EIF4H;ELN;ERV3-1;FKBP6;FZD9;GATSL1;GTF2I;GTF2IP1;GTF2IRD1;GTF2IRD2;GTF2IRD2B;GTF2IRD2P1;GUSB;INTS4L1;INTS4L2;KCTD7;LAT2;LIMK1;LINC00174;LOC100093631;LOC100288292;LOC100289098;LOC100505484;LOC100505669;LOC100506050;LOC100507468;LOC100507615;LOC100653016;LOC441239;LOC441242;LOC493754;LOC641746;LOC644794;LOC649395;LOC729156;MIR3914-1;MIR3914-2;MIR4284;MIR4650-1;MIR4650-2;MIR590;MLXIPL;NCF1;NCF1B;NCF1C;NSUN5;NSUN5P2;PMS2P4;PMS2P5;POM121;RABGEF1;RFC2;SBDS;SBDSP1;SEPHS1P1;SNORA22;SPDYE7P;SPDYE8P;STAG3L2;STAG3L3;STAG3L4;STX1A;TBL2;TPST1;TRIM50;TRIM74;TYW1;TYW1B;VKORC1L1;VPS37D;WBSCR16;WBSCR17;WBSCR22;WBSCR27;WBSCR28;ZNF107;ZNF117;ZNF138;ZNF273;ZNF679;ZNF680;ZNF727;ZNF735;ZNF736;ZNF92		DNA:3;DNA?:1;LINE:15;LTR:9;Low_complexity:1;Other:1;RC:1;RNA:1;SINE:29;SINE?:1;Satellite:1;SegDup:31;SelfChain:100;Simple_repeat:2;Unknown:1;rRNA:1;scRNA:1;snRNA:1;srpRNA:1;tRNA:1	0.3	0.3	0.3
chr7	74765724	97504000	70.0	1.34	3	+	46	46	ABCB1;ABCB4;ACN9;ADAM22;AKAP9;ANKIB1;ASB4;ASNS;BET1;C7orf23;C7orf62;C7orf63;C7orf64;CACNA2D1;CALCR;CASD1;CCDC132;CCDC146;CCL24;CCL26;CD36;CDK14;CDK6;CLDN12;COL1A2;CROT;CYP51A1;DBF4;DLX5;DLX6;DLX6-AS1;DMTF1;DPY19L2P4;DTX2;DTX2P1-UPK3BP1-PMS2P11;DYNC1I1;ERVW-1;FAM133B;FDPSL2A;FGL2;FLJ42280;FZD1;GATAD1;GATSL2;GNAI1;GNAT3;GNG11;GNGT1;GRM3;GTPBP10;HEPACAM2;HGF;HIP1;HSPB1;KIAA1324L;KRIT1;LOC100132581;LOC100132832;LOC100133091;LOC100288807;LOC100505688;LOC100505767;LOC100505854;LOC100505913;LOC100505932;LOC100505951;LOC100506027;LOC100506136;LOC100507508;LOC100652843;LOC541473;LOC613126;LOC653375;LRRD1;MAGI2;MAGI2-AS3;MDH2;MGC16142;MIR1285-1;MIR4651;MIR4652;MIR489;MIR591;MIR653;MTERF;NSUN5P1;PCLO;PDK4;PEG10;PEX1;PHTF2;PION;PMS2L2;PMS2P3;POM121C;POMZP3;PON1;PON2;PON3;POR;PPP1R9A;PTPN12;RHBDD2;RPL13AP17;RSBN1L;RUNDC3B;SAMD9;SAMD9L;SEMA3A;SEMA3C;SEMA3D;SEMA3E;SGCE;SHFM1;SLC25A13;SLC25A40;SNORA14A;SPDYE5;SRCRB4D;SRI;SRRM3;STAG3L1;STEAP1;STEAP2;STEAP4;STYXL1;TAC1;TFPI2;TMEM120A;TMEM60;TP53TG1;TRIM73;UPK3B;YWHAG;ZNF804B;ZP3		DNA:4;DNA?:1;LINE:24;LTR:9;LTR?:1;Low_complexity:1;Other:1;RC:1;RNA:1;SINE:12;SINE?:1;SegDup:7;SelfChain:75;Simple_repeat:1;Unknown:1;Unknown?:1;rRNA:1;scRNA:1;snRNA:1;srpRNA:1;tRNA:1	0.3	0.3	0.3
chr7	97504000	97572000	61.4	1.18	2	=	13	13				0.33	0.23	0.48
chr7	97572000	100556043	70.0	1.34	3	+	46	47	ACHE;ACTL6B;AGFG2;AP4M1;ARPC1A;ARPC1B;ATP5J2;ATP5J2-PTCD1;AZGP1;AZGP1P1;BAIAP2L1;BHLHA15;BRI3;BUD31;C7orf43;C7orf47;C7orf51;C7orf59;C7orf61;CNPY4;COPS6;CPSF4;CYP3A4;CYP3A43;CYP3A5;CYP3A7;EPHB4;EPO;FAM200A;FBXO24;GAL3ST4;GATS;GIGYF1;GJC3;GNB2;GPC2;KPNA7;LMTK2;LOC100129845;LOC100289187;LOC100289298;LRCH4;MBLAC1;MCM7;MEPCE;MGC72080;MIR106B;MIR25;MIR3609;MIR4658;MIR93;MOSPD3;MUC3A;MYH16;NPTX2;OCM2;OR2AE1;PCOLCE;PDAP1;PILRA;PILRB;PMS2P1;POP7;PTCD1;PVRIG;SAP25;SLC12A9;SMURF1;SPDYE3;SRRT;STAG3;TAF6;TECPR1;TFR2;TMEM130;TRIM4;TRIP6;TRRAP;TSC22D4;UFSP1;ZAN;ZCWPW1;ZKSCAN1;ZKSCAN5;ZNF3;ZNF394;ZNF498;ZNF655;ZNF789;ZSCAN21		DNA:3;LINE:12;LTR:7;Low_complexity:1;Other:1;RC:1;SINE:32;Satellite:2;SegDup:13;SelfChain:100;Simple_repeat:1;Unknown:1;rRNA:1;scRNA:1;snRNA:1;srpRNA:1;tRNA:1	0.3	0.3	0.31
chr7	100606043	102114000	70.0	1.34	3	+	46	47	ALKBH4;AP1S1;C7orf52;CLDN15;CUX1;DGAT2L7;EMID2;FIS1;LOC100289561;LOC100506507;LOC100506527;LOC100630923;LRWD1;MIR4285;MIR4467;MIR4653;MIR548O;MOGAT3;MUC12;MUC17;MUC3A;MYL10;ORAI2;PLOD3;POLR2J;PRKRIP1;RABL5;SERPINE1;SH2B2;SPDYE6;TRIM56;VGF;ZNHIT1		DNA:2;DNA?:1;LINE:8;LTR:5;LTR?:1;Low_complexity:1;Other:1;RC:1;RNA:1;SINE:37;SegDup:11;SelfChain:100;Simple_repeat:2;Unknown:1;rRNA:1;scRNA:1;snRNA:1	0.3	0.29	0.3
chr7	102114000	102330000	61.1	1.17	2	=	34	34				0.27	0.22	0.32
chr7	102330000	130154523	70.0	1.34	3	+	46	47	AASS;AHCYL2;ANKRD7;ARF5;ARMC10;ASB15;ASZ1;ATP6V1F;ATXN7L1;BCAP29;C7orf45;C7orf53;C7orf54;C7orf58;C7orf60;C7orf66;C7orf68;C7orf74;CADPS2;CALU;CAPZA2;CAV1;CAV2;CBLL1;CCDC136;CDHR3;CFTR;COG5;COPG2;CPA1;CPA2;CPA4;CPA5;CTTNBP2;DLD;DNAJB9;DNAJC2;DOCK4;DPY19L2P2;DUS4L;EFCAB10;EIF3IP1;FAM185A;FAM3C;FAM40B;FAM71F1;FAM71F2;FBXL13;FEZF1;FLJ45340;FLNC;FOXP2;FSCN3;GCC1;GPR22;GPR37;GPR85;GRM8;HBP1;HYAL4;HYALP1;IFRD1;IMMP2L;IMPDH1;ING3;IQUB;IRF5;KCND2;KCP;KLHDC10;LAMB1;LAMB4;LEP;LHFPL3;LMOD2;LOC100127891;LOC100128737;LOC100130705;LOC100216545;LOC100216546;LOC100287482;LOC100506312;LOC100506413;LOC100506489;LOC100506586;LOC100506664;LOC100506682;LOC100509105;LOC100652896;LOC100652903;LOC100652957;LOC154860;LOC154872;LOC286002;LOC401397;LOC407835;LOC645591;LOC723809;LRRC17;LRRC4;LRRN3;MDFIC;MEST;MESTIT1;MET;METTL2B;MGC27345;MIR129-1;MIR182;MIR183;MIR335;MIR3666;MIR592;MIR593;MIR96;MLL5;NAA38;NAMPT;NAPEPLD;NDUFA5;NFE4;NRCAM;NRF1;OPN1SW;ORC5;PAX4;PIK3CG;PMPCB;PNPLA8;POT1;PPP1R3A;PRKAR2B;PRRT4;PSMC2;PTPRZ1;PUS7;RBM28;RELN;RINT1;RNF133;RNF148;RPL19P12;SLC13A1;SLC26A3;SLC26A4;SLC26A5;SMO;SND1;SPAM1;SRPK2;ST7;ST7-AS1;ST7-AS2;ST7-OT3;ST7-OT4;SYPL1;TAS2R16;TES;TFEC;THAP5;TMEM168;TMEM209;TMEM229A;TNPO3;TPI1P2;TSGA14;TSPAN12;TSPAN33;TSRM;UBE2H;WASL;WNT16;WNT2;ZC3HC1;ZNF277;ZNF800		DNA:4;DNA?:1;LINE:24;LTR:10;Low_complexity:1;Other:1;RC:1;RNA:1;SINE:11;SINE?:1;Satellite:1;SegDup:3;SelfChain:28;Simple_repeat:1;Unknown:1;Unknown?:1;rRNA:1;scRNA:1;snRNA:1;srpRNA:1;tRNA:1	0.3	0.3	0.3
chr7	130254523	133784000	70.0	1.34	3	+	46	47	CHCHD3;COPG2;EXOC4;FLJ40288;FLJ43663;KLF14;LOC100506860;LOC100506881;LOC100506937;LOC646329;MIR29A;MIR29B1;MIR3654;MKLN1;PLXNA4;PODXL;TSGA13		DNA:4;DNA?:1;LINE:19;LTR:7;LTR?:1;Low_complexity:1;Other:1;RC:1;SINE:15;SegDup:1;SelfChain:2;Simple_repeat:1;Unknown:1;rRNA:1;snRNA:1;tRNA:1	0.3	0.3	0.31
chr7	133784000	133800000	48.3	0.93	2	=	21	21				0.01	0.01	0.5
chr7	133800000	139379377	70.0	1.34	3	+	46	47	AGBL3;AKR1B1;AKR1B10;AKR1B15;AKR1D1;ATP6V0A4;BPGM;C7orf49;C7orf55;C7orf73;CALD1;CHRM2;CLEC2L;CNOT4;CREB3L2;DGKI;FAM180A;HIPK2;KIAA1549;KLRG2;LOC100129148;LOC100130880;LOC100287705;LOC100506957;LOC100507000;LOC100652998;LOC653739;LRGUK;LUC7L2;LUZP6;MIR4468;MIR490;MTPN;NAG20;NUP205;PTN;SLC13A4;SLC35B4;STRA8;SVOPL;TMEM140;TMEM213;TRIM24;TTC26;UBN2;WDR91;ZC3HAV1;ZC3HAV1L		DNA:5;DNA?:1;LINE:21;LTR:10;Low_complexity:1;Other:1;RC:1;RNA:1;SINE:16;SegDup:2;SelfChain:5;Simple_repeat:1;Unknown:1;rRNA:1;scRNA:1;snRNA:1;srpRNA:1;tRNA:1	0.3	0.3	0.3
chr7	139404377	142048195	70.0	1.34	3	+	46	47	ADCK2;AGK;BRAF;CLEC5A;DENND2A;FLJ40852;HIPK2;JHDM1D;KIAA1147;LOC100124692;LOC100130169;LOC100134229;LOC100134713;LOC100507421;LOC730441;LOC93432;MGAM;MKRN1;MOXD2P;MRPS33;NDUFB2;OR9A4;PARP12;PRSS37;PRSS58;RAB19;SLC37A3;SSBP1;TAS2R3;TAS2R38;TAS2R4;TAS2R5;TBXAS1;WEE2		DNA:5;DNA?:1;LINE:21;LTR:7;Low_complexity:1;Other:1;RC:1;SINE:18;SegDup:3;SelfChain:16;Simple_repeat:1;Unknown:1;rRNA:1;scRNA:1;snRNA:1;srpRNA:1;tRNA:1	0.3	0.3	0.3
chr7	142098195	142276197	70.0	1.34	3	+	46	47			DNA:1;LINE:14;LTR:10;Low_complexity:1;SINE:5;SegDup:46;SelfChain:100;Simple_repeat:1	0.25	0.24	0.27
chr7	142326197	143347897	70.0	1.34	3	+	46	47	C7orf34;CASP2;CLCN1;CTAGE15P;EPHA1;EPHB6;FAM115C;FAM131B;GSTK1;KEL;LOC100507507;LOC100507525;LOC285965;MTRNR2L6;OR6V1;OR6W1P;OR9A2;PIP;PRSS1;TAS2R39;TAS2R40;TAS2R41;TAS2R60;TMEM139;TRPV5;TRPV6;TRY6;ZYX		DNA:3;LINE:24;LTR:11;Low_complexity:1;Other:1;SINE:11;SegDup:25;SelfChain:100;Simple_repeat:1;Unknown:1;rRNA:1;snRNA:1;srpRNA:1	0.29	0.29	0.3
chr7	143397897	151964000	70.0	1.34	3	+	46	47	ABCB8;ABCF2;ABP1;ACCN3;ACTR3C;AGAP3;ARHGEF35;ARHGEF5;ASB10;ATG9B;ATP6V0E2;C7orf29;C7orf33;CDK5;CHPF2;CNTNAP2;CRYGN;CTAGE4;CTAGE6P;CUL1;EZH2;FAM115A;FAM115C;FASTK;GALNT11;GALNTL5;GBX1;GIMAP1;GIMAP1-GIMAP5;GIMAP2;GIMAP4;GIMAP5;GIMAP6;GIMAP7;GIMAP8;IQCA1P1;KCNH2;KRBA1;LOC100128542;LOC100131176;LOC100505483;LOC100507538;LOC100507558;LOC100507614;LOC100507673;LOC100652970;LOC154761;LOC155060;LOC285972;LOC401431;LOC728377;LOC728743;LRRC61;MIR3907;MIR548F4;MIR671;MLL3;NOBOX;NOS3;NUB1;OR2A1;OR2A12;OR2A14;OR2A2;OR2A20P;OR2A25;OR2A42;OR2A5;OR2A7;OR2A9P;OR2F1;OR2F2;OR6B1;PDIA4;PRKAG2;RARRES2;REPIN1;RHEB;RNY1;RNY3;RNY4;SLC4A2;SMARCD3;SSPO;TMEM176A;TMEM176B;TMUB1;TPK1;WDR86;ZNF212;ZNF282;ZNF398;ZNF425;ZNF467;ZNF746;ZNF767;ZNF775;ZNF777;ZNF783;ZNF786;ZNF862		DNA:4;LINE:22;LTR:10;Low_complexity:1;Other:1;RC:1;RNA:1;SINE:13;SegDup:11;SelfChain:39;Simple_repeat:1;Unknown:1;rRNA:1;scRNA:1;snRNA:1;srpRNA:1;tRNA:1	0.31	0.31	0.31
chr7	151964000	151976000	60.1	1.15	2	=	3	3				0.36	0.23	0.5
chr7	151976000	154270634	69.9	1.34	3	+	46	46	ACTR3B;DPP6;FABP5P3;LOC100128822;MLL3;XRCC2		DNA:4;DNA?:1;LINE:20;LTR:11;Low_complexity:1;Other:1;RC:1;SINE:17;Satellite:1;SegDup:21;SelfChain:93;Simple_repeat:1;Unknown:1;rRNA:1;scRNA:1;snRNA:1;srpRNA:1	0.32	0.31	0.32
chr7	154370634	159128663	69.9	1.34	3	+	46	46	C7orf13;CNPY1;DNAJB6;DPP6;EN2;ESYT2;HTR5A;INSIG1;LINC00244;LMBR1;LOC100128264;LOC100132707;LOC100506302;LOC100506380;LOC100506458;LOC100506534;LOC100506557;LOC100506585;LOC154822;LOC202781;LOC285889;LOC389602;LOC645249;MIR153-2;MIR595;MNX1;NCAPG2;NOM1;PAXIP1;PTPRN2;RBM33;RNF32;SHH;UBE3C;VIPR2;WDR60		DNA:4;DNA?:1;LINE:15;LTR:8;Low_complexity:1;Other:1;RC:1;RNA:1;SINE:11;Satellite:1;SegDup:2;SelfChain:28;Simple_repeat:3;Unknown:1;rRNA:1;scRNA:1;snRNA:1;srpRNA:1;tRNA:1	0.3	0.3	0.31
chr8	10000	7474649	55.1	1.06	2	=	52	52				0.37	0.37	0.37
chr8	7524649	12091854	55.1	1.06	2	=	52	52				0.38	0.38	0.38
chr8	12141854	32680000	55.1	1.06	2	=	52	52				0.38	0.38	0.38
chr8	32680000	32690000	N	N	N	N	0	0				0.01	0.01	0.5
chr8	32690000	43838887	55.2	1.06	2	=	52	52				0.38	0.38	0.38
chr8	46838887	48130499	55.2	1.06	2	=	52	52				0.35	0.33	0.37
chr8	48135599	86576451	55.2	1.06	2	=	52	52				0.38	0.38	0.38
chr8	86726451	142766515	55.2	1.06	2	=	52	52				0.38	0.38	0.38
chr8	142816515	145332588	55.2	1.06	2	=	52	52				0.38	0.37	0.38
chr8	145432588	146304022	55.2	1.06	2	=	52	52				0.39	0.37	0.4
chr9	10000	39663686	55.2	1.06	2	=	52	52				0.38	0.38	0.38
chr9	39713686	39974796	55.2	1.06	2	=	52	52				0.01	0.01	0.5
chr9	40024796	40233029	55.2	1.06	2	=	52	52				0.01	0.01	0.5
chr9	40283029	40425834	55.2	1.06	2	=	52	52				0.01	0.01	0.5
chr9	40475834	40940341	55.2	1.06	2	=	52	52				0.01	0.01	0.5
chr9	40990341	41143214	55.2	1.06	2	=	52	52				0.01	0.01	0.5
chr9	41193214	41365793	55.2	1.06	2	=	52	52				0.01	0.01	0.5
chr9	41415793	42613955	55.2	1.06	2	=	52	52				0.24	0.18	0.3
chr9	42663955	43213698	55.2	1.06	2	=	52	52				0.38	0.2	0.5
chr9	43313698	43946569	55.2	1.06	2	=	52	52				0.42	0.32	0.5
chr9	43996569	44676646	55.2	1.06	2	=	52	52				0.37	0.33	0.42
chr9	44726646	44908293	55.2	1.06	2	=	52	52				0.42	0.33	0.5
chr9	44958293	45250203	55.2	1.06	2	=	52	52				0.17	0.05	0.47
chr9	45350203	45815521	55.2	1.06	2	=	52	52				0.37	0.31	0.45
chr9	45865521	46216430	55.2	1.06	2	=	52	52				0.26	0.14	0.47
chr9	46266430	46461039	55.2	1.06	2	=	52	52				0.01	0.01	0.5
chr9	46561039	47060133	55.2	1.06	2	=	52	52				0.29	0.19	0.42
chr9	47160133	47317679	55.2	1.06	2	=	52	52				0.25	0.2	0.3
chr9	65467679	65918360	55.2	1.06	2	=	52	52				0.21	0.12	0.35
chr9	65968360	66192215	55.2	1.06	2	=	52	52				0.01	0.01	0.5
chr9	66242215	66404656	55.2	1.06	2	=	52	52				0.34	0.2	0.5
chr9	66454656	66614195	55.2	1.06	2	=	52	52				0.31	0.27	0.36
chr9	66664195	66863343	55.2	1.06	2	=	52	52				0.3	0.29	0.31
chr9	66913343	67107834	55.2	1.06	2	=	52	52				0.01	0.01	0.5
chr9	67207834	67366296	55.2	1.06	2	=	52	52				0.37	0.31	0.43
chr9	67516296	67987998	55.2	1.06	2	=	52	52				0.21	0.13	0.32
chr9	68137998	68514181	55.2	1.06	2	=	52	52				0.36	0.33	0.38
chr9	68664181	68838946	55.2	1.06	2	=	52	52				0.38	0.3	0.5
chr9	68988946	69278385	55.2	1.06	2	=	52	52				0.32	0.3	0.34
chr9	69328385	70010542	55.2	1.06	2	=	52	52				0.32	0.29	0.35
chr9	70060542	70218729	55.2	1.06	2	=	52	52				0.01	0.01	0.5
chr9	70318729	70506535	55.2	1.06	2	=	52	52				0.5	0.18	0.5
chr9	70556535	70735468	55.2	1.06	2	=	52	52				0.2	0.11	0.35
chr9	70835468	92343416	55.2	1.06	2	=	52	52				0.38	0.38	0.38
chr9	92443416	92528796	55.2	1.06	2	=	52	52				0.38	0.35	0.42
chr9	92678796	133073060	55.2	1.06	2	=	52	52				0.38	0.38	0.38
chr9	133223060	137041193	55.2	1.06	2	=	52	52				0.38	0.38	0.39
chr9	137091193	139166997	55.2	1.06	2	=	52	52				0.38	0.38	0.39
chr9	139216997	141153431	55.2	1.06	2	=	52	52				0.38	0.38	0.39
chr10	60000	17974675	41.1	0.79	2	=	47	47				0.5	0.5	0.5
chr10	18024675	38818835	41.1	0.79	2	=	47	47				0.5	0.5	0.5
chr10	38868835	39154935	41.1	0.79	2	=	47	47				0.5	0.41	0.5
chr10	42354935	42546687	41.1	0.79	2	=	47	47				0.5	0.47	0.5
chr10	42596687	46426964	41.1	0.79	2	=	47	47				0.5	0.49	0.5
chr10	46476964	47429169	41.1	0.79	2	=	47	47				0.35	0.35	0.36
chr10	47529169	47792476	41.1	0.79	2	=	47	47				0.5	0.46	0.5
chr10	47892476	48055707	41.1	0.79	2	=	47	47				0.18	0.09	0.33
chr10	48105707	49095536	41.1	0.79	2	=	47	47				0.44	0.41	0.47
chr10	49195536	51137410	41.1	0.79	2	=	47	47				0.5	0.49	0.5
chr10	51187410	51398845	41.1	0.79	2	=	47	47				0.28	0.16	0.48
chr10	51448845	125869472	41.1	0.79	2	=	47	47				0.5	0.5	0.5
chr10	125919472	128616069	41.1	0.79	2	=	47	47				0.45	0.44	0.46
chr10	128766069	133381404	41.1	0.79	2	=	47	47				0.5	0.5	0.5
chr10	133431404	133677527	41.1	0.79	2	=	47	47				0.5	0.47	0.5
chr10	133727527	135524747	41.1	0.79	2	=	47	47				0.5	0.47	0.5
chr11	60000	1162759	55.1	1.06	2	=	52	52				0.38	0.37	0.39
chr11	1212759	50783853	55.1	1.06	2	=	52	52				0.38	0.38	0.38
chr11	51090853	51092000	55.1	1.06	2	=	52	52				0.01	0.01	0.5
chr11	51092000	51262000	68.4	1.31	3	+	38	38		dgv.3:Variation_8686;dgv.8:Variation_48814;dgv.8:Variation_48815	LINE:14;SINE:1;Satellite:87;SelfChain:100	0.29	0.27	0.3
chr11	51262000	51342000	99.3	1.90	4	+	32	64		dgv.3:Variation_8686;dgv.3:Variation_8689;dgv.8:Variation_48814;dgv.8:Variation_48815;dgv.8:Variation_48823	LINE:37;LTR:3;Satellite:61;SelfChain:100	0.19	0.18	0.21
chr11	51342000	51362000	42.2	0.81	2	=	35	35				0.29	0.17	0.5
chr11	51362000	51524000	96.7	1.85	4	+	26	63	OR4A5;OR4C46	dgv.3:Variation_8689;dgv.8:Variation_48823;dgv.8:Variation_53111	DNA:1;LINE:43;LTR:10;Low_complexity:1;SINE:5;Satellite:8;SegDup:91;SelfChain:100;Simple_repeat:1;rRNA:1	0.22	0.21	0.23
chr11	51524000	51538000	86.8	1.66	3	+	3	33		dgv.3:Variation_8689	LINE:46;LTR:5;Low_complexity:1;SINE:6;SegDup:100;SelfChain:100	0.25	0.21	0.3
chr11	51538000	51594205	60.2	1.15	2	=	31	31				0.37	0.33	0.42
chr11	54694205	54780000	60.2	1.15	2	=	31	31				0.45	0.27	0.5
chr11	54780000	54888000	66.0	1.26	3	+	16	16		dgv.9:Variation_65954	LINE:14;SINE:1;Satellite:86;SelfChain:100;Simple_repeat:1	0.32	0.3	0.34
chr11	54888000	55036000	60.2	1.15	2	=	32	32				0.3	0.28	0.32
chr11	55036000	57520000	66.8	1.28	3	+	37	38	APLNR;BTBD18;C11orf31;CLP1;LOC100507106;LRRC55;MED19;MIR130A;OR10AG1;OR4A15;OR4A16;OR4C11;OR4C15;OR4C16;OR4C6;OR4P4;OR4S2;OR5AK2;OR5AK4P;OR5AP2;OR5AR1;OR5AS1;OR5D13;OR5D14;OR5D16;OR5D18;OR5F1;OR5I1;OR5J2;OR5L1;OR5L2;OR5M1;OR5M10;OR5M11;OR5M3;OR5M8;OR5M9;OR5R1;OR5T1;OR5T2;OR5T3;OR5W2;OR7E5P;OR8H1;OR8H2;OR8H3;OR8I2;OR8J1;OR8J3;OR8K1;OR8K3;OR8K5;OR8U1;OR9G1;OR9G4;P2RX3;PRG2;PRG3;RTN4RL2;SERPING1;SLC43A1;SLC43A3;SMTNL1;SPRYD5;SSRP1;TIMM10;TMX2;TMX2-CTNND1;TNKS1BP1;TRIM48;UBE2L6;YPEL4;ZDHHC5		DNA:3;LINE:26;LTR:12;Low_complexity:1;Other:1;RNA:1;SINE:11;Satellite:1;SegDup:7;SelfChain:100;Simple_repeat:1;Unknown:1;rRNA:1;scRNA:1;snRNA:1;srpRNA:1;tRNA:1	0.3	0.29	0.3
chr11	57520000	57612000	96.8	1.85	4	+	35	64	CTNND1;TMX2-CTNND1		DNA:5;LINE:9;LTR:2;Low_complexity:2;SINE:28;SegDup:3;SelfChain:100;Simple_repeat:1;Unknown:1;rRNA:1	0.13	0.06	0.28
chr11	57612000	69089801	40.9	0.78	2	=	46	46				0.5	0.5	0.5
chr11	69139801	69724695	40.9	0.78	2	=	46	46				0.5	0.48	0.5
chr11	69774695	87688378	40.9	0.78	2	=	46	46				0.5	0.5	0.5
chr11	87738378	96287584	40.9	0.78	2	=	46	46				0.5	0.5	0.5
chr11	96437584	134946516	40.9	0.78	2	=	46	46				0.5	0.5	0.5
chr12	60000	95739	55.1	1.05	2	=	52	52				0.01	0.01	0.5
chr12	145739	7189876	55.1	1.05	2	=	52	52				0.39	0.38	0.39
chr12	7239876	9636000	55.1	1.05	2	=	52	52				0.38	0.38	0.39
chr12	9636000	9674000	67.6	1.29	3	+	4	4		dgv.1:Variation_2970;dgv.1:Variation_3874;dgv.2:Variation_6996;dgv.3:Variation_23296;dgv.4:Variation_30584;dgv.5:Variation_35134;dgv.5:Variation_35135;dgv.5:Variation_35136;dgv.6:Variation_38791;dgv.8:Variation_58604;dgv.9:Variation_66136;dgv.9:Variation_75942;dgv.9:Variation_86200	DNA:3;LINE:16;LTR:4;Low_complexity:2;SINE:12;SegDup:95;SelfChain:100;Simple_repeat:1	0.2	0.1	0.36
chr12	9674000	34856694	55.2	1.06	2	=	52	52				0.38	0.38	0.38
chr12	37856694	109373470	55.2	1.06	2	=	52	52				0.38	0.38	0.38
chr12	109423470	121965036	55.2	1.06	2	=	52	52				0.38	0.38	0.39
chr12	121965236	122530623	55.2	1.06	2	=	52	52				0.37	0.35	0.4
chr12	122580623	123928080	55.2	1.06	2	=	52	52				0.37	0.36	0.38
chr12	123928280	123960721	55.2	1.06	2	=	52	52				0.45	0.24	0.5
chr12	123960821	132706992	55.2	1.06	2	=	52	52				0.38	0.38	0.38
chr12	132806992	133841895	55.2	1.06	2	=	52	52				0.39	0.39	0.4
chr13	19020000	26576000	55.0	1.05	2	=	52	52				0.38	0.38	0.39
chr13	26576000	63612000	69.1	1.32	3	+	45	45	AKAP11;ALG11;ALG5;ALOX5AP;ARL11;ATP5EP2;ATP7B;ATP8A2;B3GALTL;BRCA2;C13orf15;C13orf26;C13orf30;C13orf33;C13orf44-AS1;CAB39L;CCDC122;CCDC169;CCDC169-SOHLH2;CCDC70;CCNA1;CDADC1;CDK8;CDX2;CG030;CKAP2;COG3;COG6;CPB2;CSNK1A1L;CTAGE10P;CYSLTR2;DCLK1;DGKH;DHRS12;DIAPH3;DLEU1;DLEU2;DLEU7;DNAJC15;EBPL;EEF1DP3;ELF1;ENOX1;EPSTI1;ESD;EXOSC8;FAM124A;FAM194B;FAM48A;FLJ34747;FLJ42392;FLT1;FLT3;FNDC3A;FOXO1;FREM2;FRY;FRY-AS1;GPR12;GSX1;GTF2F2;GTF3A;GUCY1B2;HMGB1;HNRNPA1L2;HSPH1;HTR2A;INTS6;ITM2B;KATNAL1;KBTBD6;KBTBD7;KCNRG;KCTD4;KIAA0226L;KIAA0564;KIAA1704;KL;KPNA3;LACC1;LCP1;LECT1;LHFP;LINC00282;LINC00284;LINC00371;LINC00426;LINC00427;LINC00458;LNX2;LOC100129597;LOC100129744;LOC100132234;LOC100190939;LOC100287803;LOC100506859;LOC100506997;LOC100507064;LOC100507114;LOC100507240;LOC100507398;LOC100509894;LOC100616668;LOC100652744;LOC100652836;LOC100652889;LOC144817;LOC440131;LOC440132;LOC641467;LOC731932;LPAR6;LRCH1;MAB21L1;MED4;MIR1297;MIR15A;MIR16-1;MIR3168;MIR3169;MIR320D1;MIR4305;MIR4703;MIR621;MIR759;MLNR;MRPS31;MTIF3;MTRF1;MTUS2;N4BP2L1;N4BP2L2;NAA16;NBEA;NEK3;NEK5;NHLRC3;NUDT15;NUFIP1;OLFM4;OR7E37P;PAN3;PAN3-AS1;PCDH17;PCDH20;PCDH8;PDS5B;PDX1;PHF11;POLR1D;POMP;POSTN;PRHOXNB;PROSER1;PRR20A;PRR20B;PRR20C;PRR20D;PRR20E;RASL11A;RB1;RCBTB1;RCBTB2;RFC3;RFXAP;RNASEH2B;RNF6;RPL21;RXFP2;SERP2;SERPINE3;SERTM1;SETDB2;SHISA2;SIAH3;SLC25A15;SLC25A30;SLC46A3;SLC7A1;SMAD9;SNORA27;SNORA31;SNORD102;SOHLH2;SPERT;SPG20;SPG20OS;SPRYD7;ST13P4;STARD13;STOML3;SUCLA2;SUGT1;SUGT1P3;TDRD3;THSD1;THSD1P1;TNFSF11;TPT1;TPTE2P2;TPTE2P3;TRIM13;TRPC4;TSC22D1;TTL;UBL3;UFM1;USP12;USPL1;UTP14C;VPS36;WASF3;WBP4;WDFY2;ZAR1L;ZC3H13		DNA:4;DNA?:1;LINE:24;LINE?:1;LTR:10;LTR?:1;Low_complexity:1;Other:1;RC:1;RNA:1;SINE:12;SINE?:1;Satellite:1;SegDup:3;SelfChain:8;Simple_repeat:1;Unknown:1;Unknown?:1;rRNA:1;scRNA:1;snRNA:1;srpRNA:1;tRNA:1	0.5	0.5	0.5
chr13	63612000	63640000	61.2	1.17	2	=	3	3				0.4	0.39	0.42
chr13	63640000	86760324	68.8	1.32	3	+	44	45	ATXN8OS;BORA;BTF3P11;CLN5;COMMD6;CTAGE11P;DACH1;DIS3;EDNRB;FBXL3;IRG1;KCTD12;KLF12;KLF5;KLHL1;LINC00347;LINC00402;LMO7;LOC100129307;LOC100288208;LOC100505518;LOC100507505;LOC338862;LOC647264;LOC729420;LOC730236;MIR3665;MIR4704;MIR548X2;MYCBP2;MZT1;NDFIP2;OR7E156P;PCDH9;PIBF1;POU4F1;RBM26;RBM26-AS1;RNF219;SCEL;SLAIN1;SLITRK1;SLITRK6;SPRY2;TBC1D4;UCHL3		DNA:4;DNA?:1;LINE:24;LTR:12;LTR?:1;Low_complexity:1;Other:1;RC:1;RNA:1;SINE:8;SINE?:1;Satellite:1;SegDup:1;SelfChain:5;Simple_repeat:1;Unknown:1;rRNA:1;scRNA:1;snRNA:1;srpRNA:1;tRNA:1	0.5	0.5	0.5
chr13	86910324	112353994	68.8	1.32	3	+	44	45	A2LD1;ABCC4;ABHD13;ANKRD10;ANKRD10-IT1;ARGLU1;ARHGEF7;BIVM;BIVM-ERCC5;C13orf16;C13orf27;CARKD;CARS2;CCDC168;CLDN10;CLYBL;COL4A1;COL4A2;DAOA;DAOA-AS1;DCT;DNAJC3;DNAJC3-AS1;DOCK9;DZIP1;EFNB2;ERCC5;FAM155A;FARP1;FGF14;FGF14-IT1;FKSG29;GPC5;GPC6;GPR18;GPR180;GPR183;HS6ST3;ING1;IPO5;IRS2;ITGBL1;KDELC1;LIG4;LINC00346;LINC00410;LINC00460;LOC100505533;LOC100507566;LOC100507654;LOC100652869;LOC100652878;LOC283481;LOC283483;MBNL2;METTL21C;METTL21CP1;MIR1267;MIR17;MIR17HG;MIR18A;MIR19A;MIR19B1;MIR20A;MIR2681;MIR3170;MIR4306;MIR4500;MIR4500HG;MIR4501;MIR4705;MIR622;MIR623;MIR92A1;MYO16;NALCN;OXGR1;PCCA;RAB20;RAP2A;RNF113B;SLC10A2;SLC15A1;SLITRK5;SOX21;STK24;TGDS;TM9SF2;TMTC4;TNFSF13B;TPP2;UBAC2;UBAC2-AS1;UGGT2;ZIC2;ZIC5		DNA:4;DNA?:1;LINE:20;LINE?:1;LTR:11;Low_complexity:1;Other:1;RC:1;RNA:1;SINE:10;SINE?:1;Satellite:1;SegDup:2;SelfChain:14;Simple_repeat:1;Unknown:1;Unknown?:1;rRNA:1;scRNA:1;snRNA:1;srpRNA:1;tRNA:1	0.5	0.5	0.5
chr13	112503994	114325993	68.8	1.32	3	+	44	45	ADPRHL1;ATP11A;ATP4B;C13orf35;CUL4A;DCUN1D2;F10;F7;GRK1;GRTP1;LAMP1;LINC00403;LOC100128278;LOC100506016;LOC100506063;LOC100506079;MCF2L;MCF2L-AS1;PCID2;PROZ;SOX1;SPACA7;TFDP1;TMCO3;TUBGCP3		DNA:4;DNA?:1;LINE:15;LTR:7;Low_complexity:1;Other:1;SINE:10;SINE?:1;SegDup:3;SelfChain:26;Simple_repeat:2;Unknown:1;rRNA:1;scRNA:1;snRNA:1;srpRNA:1	0.5	0.49	0.5
chr13	114425993	114639948	68.8	1.32	3	+	44	45	FAM70B;FLJ41484;FLJ44054;GAS6;GRK1;LOC100130386;LOC100506394		DNA:3;LINE:12;LTR:8;Low_complexity:1;Other:1;SINE:4;Satellite:1;SelfChain:63;Simple_repeat:4	0.5	0.45	0.5
chr13	114739948	115109878	68.8	1.32	3	+	44	45	CDC16;MIR4502;RASA3;UPF3A;ZNF828		DNA:3;LINE:13;LTR:8;Low_complexity:2;SINE:10;Satellite:1;SegDup:5;SelfChain:44;Simple_repeat:3	0.5	0.47	0.5
chr14	19000000	42016000	41.0	0.79	2	=	46	46				0.5	0.5	0.5
chr14	42016000	42606000	36.7	0.70	1	-	20	20	LRFN5		DNA:3;LINE:32;LTR:9;Low_complexity:1;Other:1;SINE:6;SegDup:1;SelfChain:11;Simple_repeat:2;srpRNA:1;tRNA:1	0.5	0.46	0.5
chr14	42606000	107289540	41.0	0.78	2	=	46	46				0.5	0.5	0.5
chr15	20000000	20894633	41.2	0.79	2	=	47	47				0.25	0.25	0.26
chr15	20935075	21398819	41.2	0.79	2	=	47	47				0.28	0.25	0.31
chr15	21885000	22212114	41.2	0.79	2	=	47	47				0.26	0.25	0.27
chr15	22262114	22596193	41.2	0.79	2	=	47	47				0.33	0.33	0.34
chr15	22646193	23514853	41.2	0.79	2	=	47	47				0.44	0.42	0.47
chr15	23564853	29159443	41.2	0.79	2	=	47	47				0.5	0.49	0.5
chr15	29209443	82829645	41.2	0.79	2	=	47	47				0.5	0.5	0.5
chr15	82879645	84984473	41.2	0.79	2	=	47	47				0.5	0.48	0.5
chr15	85034473	102521392	41.2	0.79	2	=	47	47				0.5	0.5	0.5
chr16	60000	8636921	41.1	0.79	2	=	47	47				0.5	0.5	0.5
chr16	8686921	34023150	41.1	0.79	2	=	47	47				0.45	0.45	0.45
chr16	34173150	35285801	41.1	0.79	2	=	47	47				0.36	0.34	0.38
chr16	46385801	88389383	41.1	0.79	2	=	47	47				0.5	0.5	0.5
chr16	88439383	90294753	41.1	0.79	2	=	47	47				0.5	0.49	0.5
chr17	0	296626	55.9	1.07	2	=	51	51				0.4	0.39	0.42
chr17	396626	21566608	55.9	1.07	2	=	51	51				0.38	0.38	0.38
chr17	21666608	22263006	55.9	1.07	2	=	51	51				0.37	0.36	0.38
chr17	25263006	25334000	55.9	1.07	2	=	51	51				0.37	0.33	0.41
chr17	25334000	34675848	69.7	1.34	3	+	46	47	AA06;ABHD15;ACCN1;ADAP2;ALDOC;ANKRD13B;AP2B1;ARGFXP2;ATAD5;BLMH;C17orf102;C17orf108;C17orf42;C17orf50;C17orf63;C17orf66;C17orf75;C17orf79;CCL1;CCL11;CCL13;CCL14;CCL14-CCL15;CCL15;CCL16;CCL18;CCL2;CCL23;CCL3;CCL3L1;CCL3L3;CCL4;CCL4L1;CCL4L2;CCL5;CCL7;CCL8;CCT6B;CDK5R1;CORO6;CPD;CRLF3;CRYBA1;DHRS13;DPRXP4;EFCAB5;ERAL1;EVI2A;EVI2B;FLOT2;FNDC8;FOXN1;GAS2L2;GIT1;GOSR1;IFT20;KIAA0100;KRT18P55;KSR1;LGALS9;LIG3;LOC100131744;LOC100506418;LOC100506480;LOC100506582;LOC100506596;LOC100506629;LOC100506643;LOC100652927;LOC400590;LOC440419;LOC646021;LRRC37B;LRRC37BP1;LYZL6;MIR144;MIR193A;MIR3184;MIR365-2;MIR423;MIR451;MIR451B;MIR4522;MIR4523;MIR4723;MIR4724;MIR4725;MIR4732;MIR4733;MIR632;MMP28;MYO18A;MYO1D;NEK8;NF1;NLE1;NLK;NOS2;NSRP1;NUFIP2;OMG;PEX12;PHF12;PIGS;PIPOX;POLDIP2;PPY2;PROCA1;PSMD11;PYY2;RAB11FIP4;RAB34;RAD51D;RAD51L3-RFFL;RASL10B;RDM1;RFFL;RHBDL3;RHOT1;RNF135;RPL23A;SARM1;SDF2;SEBOX;SEZ6;SGK494;SH3GL1P1;SH3GL1P2;SLC13A2;SLC35G3;SLC46A1;SLC6A4;SLFN11;SLFN12;SLFN12L;SLFN13;SLFN14;SLFN5;SNORD42A;SNORD42B;SNORD4A;SNORD4B;SNORD7;SPACA3;SPAG5;SPAG5-AS1;SSH2;SUPT6H;SUZ12;SUZ12P;TAF15;TAOK1;TBC1D29;TBC1D3B;TBC1D3C;TIAF1;TLCD1;TMEM132E;TMEM199;TMEM97;TMEM98;TMIGD1;TNFAIP1;TP53I13;TRAF4;UNC119;UNC45B;UTP6;VTN;WSB1;ZNF207;ZNF830		DNA:4;DNA?:1;LINE:17;LTR:7;Low_complexity:1;Other:1;RC:1;RNA:1;SINE:23;SINE?:1;Satellite:1;SegDup:12;SelfChain:100;Simple_repeat:1;Unknown:1;rRNA:1;scRNA:1;snRNA:1;srpRNA:1;tRNA:1	0.5	0.5	0.5
chr17	34725848	62410760	69.7	1.34	3	+	46	47	AARSD1;AATF;ABCC3;ABI3;ACACA;ACBD4;ACE;ACLY;ACSF2;ADAM11;AKAP1;ANKFN1;ANKRD40;AOC2;AOC3;AOC4;APPBP2;ARHGAP23;ARHGAP27;ARL17A;ARL17B;ARL4D;ARL5C;ASB16;ATP5G1;ATP6V0A1;ATXN7L3;B4GALNT2;BCAS3;BECN1;BRCA1;BRIP1;BZRAP1;C17orf104;C17orf105;C17orf46;C17orf47;C17orf53;C17orf57;C17orf64;C17orf65;C17orf67;C17orf69;C17orf72;C17orf78;C17orf82;C17orf88;C17orf96;C17orf98;C1QL1;CA10;CA4;CACNA1G;CACNB1;CALCOCO2;CASC3;CBX1;CCDC103;CCDC43;CCDC47;CCDC56;CCR10;CCR7;CD300LG;CD79B;CDC27;CDC6;CDK12;CDK5RAP3;CHAD;CISD3;CLTC;CLTC-IT1;CNP;CNTD1;CNTNAP1;COASY;COIL;COL1A1;COPZ2;COX11;CRHR1;CSF3;CSH1;CSH2;CSHL1;CUEDC1;CWC25;CYB561;DBF4B;DCAF7;DCAKD;DDX42;DDX52;DGKE;DHRS11;DHX40;DHX58;DHX8;DLX3;DLX4;DNAJC7;DUSP14;DUSP3;DYNLL2;EFCAB3;EFTUD2;EIF1;EME1;EPN3;EPX;ERBB2;ERN1;ETV4;EZH1;FAM117A;FAM134C;FAM171A2;FBXL20;FBXO47;FKBP10;FLJ40194;FLJ42842;FLJ43826;FLJ44342;FLJ45513;FMNL1;FTSJ3;FZD2;G6PC;G6PC3;GAST;GDPD1;GFAP;GGNBP2;GH1;GH2;GHDC;GIP;GJC1;GJD3;GNGT2;GOSR2;GPATCH8;GPR179;GRB7;GRN;GSDMA;GSDMB;HAP1;HCRT;HDAC5;HEATR6;HEXIM1;HEXIM2;HIGD1B;HILS1;HLF;HNF1B;HOXB1;HOXB13;HOXB13-AS1;HOXB2;HOXB3;HOXB4;HOXB5;HOXB6;HOXB7;HOXB8;HOXB9;HSD17B1;HSF5;HSPB9;ICAM2;IFI35;IGF2BP1;IGFBP4;IKZF3;IMP5;INTS2;ITGA2B;ITGA3;ITGB3;JUP;KAT2A;KAT7;KCNH4;KCNH6;KIAA1267;KIF18B;KIF2B;KLHL10;KLHL11;KPNB1;KRT10;KRT12;KRT13;KRT14;KRT15;KRT16;KRT17;KRT19;KRT20;KRT222;KRT23;KRT24;KRT25;KRT26;KRT27;KRT28;KRT31;KRT32;KRT33A;KRT33B;KRT34;KRT35;KRT36;KRT37;KRT38;KRT39;KRT40;KRT42P;KRT9;KRTAP1-1;KRTAP1-3;KRTAP1-5;KRTAP16-1;KRTAP17-1;KRTAP2-1;KRTAP2-2;KRTAP2-4;KRTAP3-1;KRTAP3-2;KRTAP3-3;KRTAP4-1;KRTAP4-11;KRTAP4-12;KRTAP4-2;KRTAP4-3;KRTAP4-4;KRTAP4-5;KRTAP4-6;KRTAP4-7;KRTAP4-8;KRTAP4-9;KRTAP9-1;KRTAP9-2;KRTAP9-3;KRTAP9-4;KRTAP9-6;KRTAP9-7;KRTAP9-8;KRTAP9-9;LASP1;LEPREL4;LHX1;LIMD2;LINC00483;LOC100128977;LOC100130148;LOC100130581;LOC100131091;LOC100131347;LOC100133991;LOC100190938;LOC100287562;LOC100288781;LOC100288866;LOC100290566;LOC100505576;LOC100505620;LOC100505782;LOC100505873;LOC100505899;LOC100505972;LOC100505988;LOC100506044;LOC100506162;LOC100506214;LOC100506252;LOC100506295;LOC100506325;LOC100506373;LOC100506609;LOC100506650;LOC100506779;LOC100506847;LOC100506882;LOC100507656;LOC100652727;LOC100652733;LOC100652963;LOC147093;LOC253962;LOC284080;LOC284100;LOC388387;LOC390806;LOC400604;LOC404266;LOC440434;LOC644172;LOC644246;LOC644366;LOC645638;LOC645722;LOC653653;LOC730755;LPO;LRRC37A;LRRC37A2;LRRC37A4;LRRC3C;LRRC46;LRRC59;LSM12;LUC7L3;MAP3K14;MAP3K3;MAPT;MARCH10;MBTD1;MED1;MED13;MED24;MEOX1;METTL2A;MGC57346;MIEN1;MIR10A;MIR1203;MIR142;MIR152;MIR196A1;MIR21;MIR2117;MIR2909;MIR301A;MIR3185;MIR3614;MIR4315-1;MIR454;MIR4726;MIR4727;MIR4728;MIR4729;MIR4734;MIR4736;MIR4737;MIR633;MKS1;MLLT6;MLX;MMD;MPO;MPP2;MPP3;MRC2;MRM1;MRPL10;MRPL27;MRPL45;MRPL45P2;MRPS23;MSI2;MSL1;MSX2P1;MTMR4;MTVR2;MYCBPAP;MYL4;MYO19;NACA2;NAGLU;NAGS;NBR1;NBR2;NEUROD2;NFE2L1;NGFR;NKIRAS2;NME1;NME1-NME2;NME2;NMT1;NOG;NPEPPS;NR1D1;NSF;NSFP1;NT5C3L;NXPH3;OR4D1;OR4D2;ORMDL3;OSBPL7;PCGF2;PCTP;PDK2;PECAM1;PGAP3;PHB;PHOSPHO1;PIGW;PIP4K2B;PLCD3;PLEKHH3;PLEKHM1;PLXDC1;PNMT;PNPO;PPM1D;PPM1E;PPP1R1B;PPP1R9B;PPY;PRAC;PRR11;PRR15L;PSMB3;PSMC3IP;PSMC5;PSMD3;PSME3;PTRF;PTRH2;PYY;RAB5C;RAD51C;RAMP2;RAPGEFL1;RARA;RND2;RNF126P1;RNF43;RNFT1;RNY4P8;RPL19;RPL23;RPL27;RPRML;RPS6KB1;RSAD1;RUNDC1;RUNDC3A;SAMD14;SCARNA20;SCN4A;SCPEP1;SCRN2;SEPT4;SGCA;SKA2;SKAP1;SLC25A39;SLC35B1;SLC4A1;SMARCD2;SMARCE1;SMG8;SNF8;SNORA21;SNORA76;SNORD104;SNORD124;SNX11;SOCS7;SOST;SP2;SP6;SPAG9;SPATA20;SPOP;SRCIN1;SRSF1;STAC2;STARD3;STAT3;STAT5A;STAT5B;STH;STRADA;STXBP4;SUPT4H1;SYNRG;TAC4;TACO1;TADA2A;TANC2;TBC1D3;TBC1D3F;TBC1D3G;TBC1D3H;TBC1D3P1-DHX40P1;TBC1D3P2;TBKBP1;TBX2;TBX21;TBX4;TCAM1P;TCAP;TEX14;TEX2;THRA;TLK2;TMEM100;TMEM101;TMEM106A;TMEM92;TMEM99;TMUB2;TNS4;TOB1;TOM1L1;TOP2A;TRIM25;TRIM37;TTC25;TTLL6;TUBD1;TUBG1;TUBG2;UBE2Z;UBTF;USP32;UTP18;VAT1;VEZF1;VMP1;VPS25;WFIKKN2;WIPF2;WNK4;WNT3;WNT9B;XYLT2;YPEL2;ZNF385C;ZNF652;ZNHIT3;ZPBP2		DNA:4;DNA?:1;LINE:16;LTR:6;LTR?:1;Low_complexity:1;Other:1;RC:1;RNA:1;SINE:24;SINE?:1;Satellite:1;SegDup:9;SelfChain:65;Simple_repeat:1;Unknown:1;rRNA:1;scRNA:1;snRNA:1;srpRNA:1;tRNA:1	0.5	0.5	0.5
chr17	62460760	76510000	69.7	1.34	3	+	46	47	AANAT;ABCA10;ABCA5;ABCA6;ABCA8;ABCA9;ACOX1;AFMID;AMZ2;AMZ2P1;APOH;ARMC7;ARSG;ATP5H;AXIN2;BIRC5;BPTF;BTBD17;C17orf106-CDK3;C17orf109;C17orf110;C17orf28;C17orf58;C17orf77;C17orf80;C17orf99;CACNG1;CACNG4;CACNG5;CASKIN2;CD300A;CD300C;CD300E;CD300LB;CD300LD;CD300LF;CDC42EP4;CDK3;CDR2L;CEP112;CEP95;COG1;CPSF4L;CYGB;DDX5;DNAH17;DNAI2;EVPL;EXOC7;FADS6;FAM100B;FAM104A;FAM20A;FBF1;FDXR;FLJ26484;FLJ36644;FLJ37644;FLJ45079;FOXJ1;GALK1;GALR2;GGA3;GNA13;GPR142;GPRC5C;GRB2;GRIN2C;H3F3B;HELZ;HN1;ICT1;ITGB4;JMJD6;KCNJ16;KCNJ2;KCTD2;KIAA0195;KIF19;KPNA2;LINC00338;LINC00469;LLGL2;LOC100131096;LOC100134391;LOC100287042;LOC100499466;LOC100499467;LOC100507002;LOC100507049;LOC100507168;LOC100507218;LOC100507246;LOC100507351;LOC100652922;LOC124685;LOC146880;LOC400620;LOC440461;LRRC37A3;MAP2K6;METTL23;MFSD11;MGAT5B;MGC16275;MIF4GD;MILR1;MIR3064;MIR3615;MIR3678;MIR4315-2;MIR4316;MIR4524;MIR4738;MIR5047;MIR634;MIR635;MIR636;MRPL38;MRPS7;MXRA7;MYO15B;NAT9;NOL11;NT5C;NUP85;OTOP2;OTOP3;PGS1;PITPNC1;PLEKHM1P;POLG2;PRCD;PRKAR1A;PRKCA;PRPSAP1;PSMD12;QRICH2;RAB37;RECQL5;RGS9;RHBDF2;RNF157;RPL38;SAP30BP;SCARNA16;SDK2;SEC14L1;SEPT9;SLC16A5;SLC16A6;SLC25A19;SLC39A11;SLC9A3R1;SMURF2;SNORA38B;SNORD1A;SNORD1B;SNORD1C;SOCS3;SOX9;SPHK1;SRP68;SRSF2;SSTR2;ST6GALNAC1;ST6GALNAC2;SUMO2;SYNGR2;TEN1;TK1;TMC6;TMC8;TMEM104;TMEM235;TNRC6C;TRIM47;TRIM65;TSEN54;TTYH2;UBE2O;UNC13D;UNK;USH1G;WBP2;WIPI1;ZACN		DNA:4;DNA?:1;LINE:14;LTR:8;LTR?:1;Low_complexity:1;Other:1;RC:1;RNA:1;SINE:21;SegDup:5;SelfChain:32;Simple_repeat:2;Unknown:1;rRNA:1;scRNA:1;snRNA:1;srpRNA:1;tRNA:1	0.5	0.5	0.5
chr17	76510000	76762000	58.8	1.13	2	=	42	42				0.23	0.22	0.24
chr17	76762000	77546461	69.5	1.33	3	+	45	46	C1QTNF1;CANT1;CYTH1;ENGASE;LGALS3BP;LOC100507410;RBFOX3;TIMP2;USP36		DNA:3;LINE:8;LTR:5;Low_complexity:1;RC:1;SINE:17;SegDup:9;SelfChain:9;Simple_repeat:2	0.5	0.49	0.5
chr17	77596461	79709049	69.5	1.33	3	+	45	46	AATK;AATK-AS1;ACTG1;ARL16;AZI1;BAHCC1;BAIAP2;C17orf56;C17orf70;C17orf89;C17orf90;CARD14;CBX2;CBX4;CBX8;CCDC137;CCDC40;CHMP6;EIF4A3;ENDOV;ENPP7;FLJ90757;FSCN2;GAA;HGS;HP09025;LINC00482;LOC100128105;LOC100130370;LOC100294362;LOC100507425;LOC100507440;LOC100507520;MIR1250;MIR1268B;MIR3065;MIR3186;MIR338;MIR4730;MIR4739;MIR4740;MIR657;MRPL12;NPLOC4;NPTX1;PDE6G;PP13;RNF213;RPTOR;SGSH;SLC25A10;SLC26A11;SLC38A10;TBC1D16;TMEM105;TSPAN10		DNA:3;LINE:11;LTR:6;Low_complexity:1;Other:1;RC:1;SINE:19;SegDup:3;SelfChain:16;Simple_repeat:2;Unknown:1;scRNA:1;snRNA:1;tRNA:1	0.5	0.49	0.5
chr17	79759049	81150000	69.5	1.33	3	+	45	46	ANAPC11;ARHGDIA;ASPSCR1;B3GNTL1;C17orf101;C17orf62;CCDC57;CD7;CSNK1D;DCXR;DUS1L;DYSFIP1;FAM195B;FASN;FN3K;FN3KRP;FOXK2;GCGR;GPS1;HEXDC;LOC100505970;LOC100506001;LOC92659;LRRC45;MAFG;METRNL;MIR4525;MYADML2;NARF;NOTUM;NPB;P4HB;PCYT2;PYCR1;RAB40B;RAC3;RFNG;SECTM1;SIRT7;SLC16A3;STRA13;TBCD;TEX19;THOC4;UTS2R;WDR45L;ZNF750	dgv.9:Variation_73078	DNA:2;LINE:10;LTR:5;Low_complexity:1;Other:1;SINE:20;SegDup:4;SelfChain:17;Simple_repeat:2;scRNA:1;snRNA:1;srpRNA:1;tRNA:1	0.5	0.49	0.5
chr17	81150000	81195210	53.6	1.03	2	=	40	40				0.5	0.31	0.5
chr18	10000	15410898	55.3	1.06	2	=	52	52				0.38	0.38	0.38
chr18	18510898	52059136	55.3	1.06	2	=	52	52				0.38	0.38	0.38
chr18	52209136	72283353	55.3	1.06	2	=	52	52				0.38	0.38	0.38
chr18	72333353	75721820	55.3	1.06	2	=	52	52				0.38	0.38	0.39
chr18	75771820	78017248	55.3	1.06	2	=	52	52				0.38	0.37	0.38
chr19	60000	7310000	41.2	0.79	2	=	47	47				0.5	0.5	0.5
chr19	7310000	7344000	69.2	1.33	3	+	8	8		dgv.3:Variation_8863	DNA:5;LINE:6;LTR:13;Low_complexity:1;SINE:37;SegDup:100;SelfChain:100;Simple_repeat:2	0.31	0.15	0.5
chr19	7344000	7346004	41.1	0.79	2	=	46	46				0.01	0.01	0.5
chr19	7396004	8687198	41.1	0.79	2	=	46	46				0.5	0.48	0.5
chr19	8737198	20523415	41.1	0.79	2	=	46	46				0.5	0.5	0.5
chr19	20573415	24631782	41.1	0.79	2	=	46	46				0.44	0.44	0.45
chr19	27731782	52134000	41.1	0.79	2	=	46	46				0.5	0.5	0.5
chr19	52134000	52148000	N	N	N	N	0	0				0.01	0.01	0.5
chr19	52148000	59118983	41.3	0.79	2	=	47	47				0.5	0.49	0.5
chr20	60000	1564000	55.1	1.06	2	=	52	52				0.39	0.38	0.39
chr20	1564000	1584000	N	N	N	N	0	0				0.01	0.01	0.5
chr20	1584000	26319569	55.2	1.06	2	=	52	52				0.38	0.38	0.38
chr20	29419569	29653908	55.2	1.06	2	=	52	52				0.35	0.33	0.36
chr20	29803908	34897085	55.2	1.06	2	=	52	52				0.38	0.38	0.39
chr20	34947085	61091437	55.2	1.06	2	=	52	52				0.38	0.38	0.38
chr20	61141437	61213369	55.2	1.06	2	=	52	52				0.38	0.36	0.4
chr20	61263369	62965520	55.2	1.06	2	=	52	52				0.39	0.38	0.39
chr21	9411193	9595548	54.7	1.05	2	=	52	52				0.35	0.33	0.37
chr21	9645548	9775437	54.7	1.05	2	=	52	52				0.38	0.3	0.5
chr21	9825437	10034920	54.7	1.05	2	=	52	52				0.31	0.3	0.32
chr21	10084920	10215976	54.7	1.05	2	=	52	52				0.23	0.17	0.31
chr21	10365976	10647896	54.7	1.05	2	=	52	52				0.2	0.18	0.22
chr21	10697896	11188129	54.7	1.05	2	=	52	52				0.31	0.31	0.31
chr21	14338129	42955559	54.7	1.05	2	=	52	52				0.39	0.39	0.39
chr21	43005559	43226828	54.7	1.05	2	=	52	52				0.39	0.37	0.41
chr21	43227328	43249342	54.7	1.05	2	=	52	52				0.36	0.3	0.44
chr21	43250842	44632664	54.7	1.05	2	=	52	52				0.39	0.38	0.39
chr21	44682664	48119895	54.7	1.05	2	=	52	52				0.38	0.38	0.39
chr22	16050000	16697850	54.0	1.03	2	=	52	52				0.29	0.26	0.32
chr22	16847850	20509431	54.0	1.03	2	=	52	52				0.37	0.37	0.37
chr22	20609431	24352000	54.0	1.03	2	=	52	52				0.37	0.37	0.37
chr22	24352000	24362000	N	N	N	N	0	0				0.01	0.01	0.5
chr22	24362000	24376000	60.9	1.17	2	=	11	11				0.01	0.01	0.5
chr22	24376000	24394000	N	N	N	N	0	0				0.01	0.01	0.5
chr22	24394000	50364777	55.3	1.06	2	=	52	52				0.38	0.38	0.38
chr22	50414777	51244566	55.3	1.06	2	=	52	52				0.4	0.39	0.42
chrX	60000	76000	83.7	1.60	3	+	10	26		dgv.9:Variation_73882	DNA:1;LINE:8;LTR:19;Low_complexity:9;SINE:22;SegDup:100;SelfChain:100;Simple_repeat:2	0.25	0.2	0.31
chrX	76000	94821	40.5	0.78	2	=	22	22				0.01	0.01	0.5
chrX	144821	148000	112.1	2.15	4	+	3	34		dgv.9:Variation_67916;dgv.9:Variation_67917;dgv.9:Variation_67918;dgv.9:Variation_83235;dgv.9:Variation_96362;dgv.9:Variation_96364	LTR:16;Low_complexity:24;SINE:19;SegDup:100;SelfChain:100;Simple_repeat:3	0.01	0.01	0.5
chrX	148000	231384	76.2	1.46	3	+	45	51	GTPBP6;PLCXD1	dgv.9:Variation_67918	DNA:1;LINE:3;LTR:16;Low_complexity:3;SINE:25;SegDup:100;SelfChain:100;Simple_repeat:3	0.27	0.25	0.29
chrX	281384	1047557	76.2	1.46	3	+	45	51	PPP2R3B;PPP2R3B-AS1;SHOX		DNA:1;DNA?:1;LINE:9;LTR:7;Low_complexity:4;SINE:29;Satellite:1;SegDup:100;SelfChain:100;Simple_repeat:9;tRNA:1	0.24	0.24	0.24
chrX	1097557	1134113	76.2	1.46	3	+	45	51		dgv.9:Variation_67925	LINE:7;LTR:9;Low_complexity:5;SINE:32;SegDup:100;SelfChain:100;Simple_repeat:3	0.01	0.01	0.5
chrX	1184113	1264234	76.2	1.46	3	+	45	51		dgv.9:Variation_67927	DNA:1;LINE:4;LTR:7;Low_complexity:4;SINE:34;SINE?:1;SegDup:100;SelfChain:100;Simple_repeat:10	0.25	0.23	0.28
chrX	1314234	2068238	76.2	1.46	3	+	45	51	AKAP17A;ASMT;ASMTL;ASMTL-AS1;CRLF2;CSF2RA;IL3RA;LOC100293744;MIR3690;P2RY8;SLC25A6		DNA:2;LINE:8;LTR:12;Low_complexity:3;Other:1;SINE:34;SegDup:100;SelfChain:100;Simple_repeat:8;rRNA:1;snRNA:1	0.27	0.27	0.27
chrX	2118238	2576000	76.2	1.46	3	+	45	51	CD99P1;DHRSX;LINC00102;ZBED1	dgv.1:Variation_4142	DNA:3;LINE:10;LTR:13;Low_complexity:3;SINE:26;SegDup:100;SelfChain:100;Simple_repeat:4	0.3	0.29	0.31
chrX	2576000	2699520	41.5	0.80	2	=	36	36				0.5	0.46	0.5
chrX	2699570	7623882	20.5	0.39	1	=	62	62				0.01	0.01	0.5
chrX	7673882	10738674	20.5	0.39	1	=	62	62				0.01	0.01	0.5
chrX	10788674	37098256	20.5	0.39	1	=	62	62				0.01	0.01	0.5
chrX	37148256	49242997	20.5	0.39	1	=	62	62				0.01	0.01	0.5
chrX	49292997	49974173	20.5	0.39	1	=	62	62				0.01	0.01	0.5
chrX	50024173	52395914	20.5	0.39	1	=	62	62				0.01	0.01	0.5
chrX	52445914	58582012	20.5	0.39	1	=	62	62				0.01	0.01	0.5
chrX	61682012	76653692	20.5	0.39	1	=	62	62				0.01	0.01	0.5
chrX	76703692	113517668	20.5	0.39	1	=	62	62				0.01	0.01	0.5
chrX	113567668	115682290	20.5	0.39	1	=	62	62				0.01	0.01	0.5
chrX	115732290	120013235	20.5	0.39	1	=	62	62				0.01	0.01	0.5
chrX	120063235	143507324	20.5	0.39	1	=	62	62				0.01	0.01	0.5
chrX	143557324	148906424	20.5	0.39	1	=	62	62				0.01	0.01	0.5
chrX	148956424	149032062	20.5	0.39	1	=	62	62				0.01	0.01	0.5
chrX	149082062	152277099	20.5	0.39	1	=	62	62				0.01	0.01	0.5
chrX	152327099	154930994	20.5	0.39	1	=	62	62				0.01	0.01	0.5
chrX	154931044	155260560	41.4	0.79	2	=	45	45				0.44	0.41	0.5
chrY	2649520	8914955	20.6	0.39	1	=	62	62				0.01	0.01	0.5
chrY	8964955	9241322	20.6	0.39	1	=	62	62				0.01	0.01	0.5
chrY	9291322	10104553	20.6	0.39	1	=	62	62				0.01	0.01	0.5
chrY	13104553	13143954	20.6	0.39	1	=	62	62				0.01	0.01	0.5
chrY	13193954	13748578	20.6	0.39	1	=	62	62				0.01	0.01	0.5
chrY	13798578	20143885	20.6	0.39	1	=	62	62				0.01	0.01	0.5
chrY	20193885	22369679	20.6	0.39	1	=	62	62				0.01	0.01	0.5
chrY	22419679	23901428	20.6	0.39	1	=	62	62				0.01	0.01	0.5
chrY	23951428	28819361	20.6	0.39	1	=	62	62				0.01	0.01	0.5
chrY	58819361	58917656	20.6	0.39	1	=	62	62				0.01	0.01	0.5
chrY	58967656	59034049	20.6	0.39	1	=	62	62				0.01	0.01	0.5
chrM	0	16569	160.0	3.06	6	+	15	69	ATP6;ATP8;COX1;COX2;COX3;CYTB;ND1;ND2;ND3;ND4;ND4L;ND5;ND6;RNR1;TRNA;TRNC;TRND;TRNE;TRNF;TRNG;TRNH;TRNI;TRNK;TRNL1;TRNL2;TRNM;TRNN;TRNP;TRNQ;TRNR;TRNS1;TRNS2;TRNT;TRNV;TRNW;TRNY		SelfChain:100;rRNA:1;tRNA:2	0.01	0.01	0.5
